event,player,group,threshold,BetMGM,BetRivers,Bovada,Caesars,DraftKings,ESPNBET,FanDuel,HardRockBet,best_book,best_odds,best_decimal,avg_other,value_ratio
Houston Rockets @ Oklahoma City Thunder,Alperen Sengun,Threes,1,,,,,203.0,,,1750.0,HardRockBet,1750.0,18.5,3.03,6.105610561056106
Golden State Warriors @ Los Angeles Lakers,Jarred Vanderbilt,Threes,1,,,,,220.0,,,1600.0,HardRockBet,1600.0,17.0,3.2,5.3125
Houston Rockets @ Oklahoma City Thunder,Luguentz Dort,Points,25,,,2800.0,,,,,7500.0,HardRockBet,7500.0,76.0,29.0,2.6206896551724137
Golden State Warriors @ Los Angeles Lakers,Brandin Podziemski,Rebounds,10,,,,,1380.0,1000.0,900.0,3000.0,HardRockBet,3000.0,31.0,11.933333333333332,2.597765363128492
Golden State Warriors @ Los Angeles Lakers,Draymond Green,Assists,10,,,1200.0,,1040.0,1100.0,1100.0,3000.0,HardRockBet,3000.0,31.0,12.1,2.56198347107438
Golden State Warriors @ Los Angeles Lakers,Jake LaRavia,Threes,1,-155.0,,,,-195.0,,,300.0,HardRockBet,300.0,4.0,1.5789909015715466,2.533263488737559
Golden State Warriors @ Los Angeles Lakers,Austin Reaves,Assists,10,,,1100.0,,710.0,1000.0,900.0,2500.0,HardRockBet,2500.0,26.0,10.275,2.5304136253041363
Houston Rockets @ Oklahoma City Thunder,Alex Caruso,Points,25,,,3000.0,,,,,7500.0,HardRockBet,7500.0,76.0,31.0,2.4516129032258065
Houston Rockets @ Oklahoma City Thunder,Reed Sheppard,Points,25,,,3000.0,,,,,7500.0,HardRockBet,7500.0,76.0,31.0,2.4516129032258065
Houston Rockets @ Oklahoma City Thunder,Steven Adams,Points,15,,,,,1640.0,1600.0,1500.0,4000.0,HardRockBet,4000.0,41.0,16.8,2.4404761904761902
Golden State Warriors @ Los Angeles Lakers,Jonathan Kuminga,Threes,1,280.0,,,,-196.0,,,-165.0,BetMGM,280.0,3.8,1.5581323438466295,2.438817225640008
Golden State Warriors @ Los Angeles Lakers,Draymond Green,Blocks,1,,270.0,,,-151.0,,-225.0,,BetRivers,270.0,3.7,1.5533480500367918,2.381951681667456
Golden State Warriors @ Los Angeles Lakers,Austin Reaves,Rebounds,10,,,,,810.0,1400.0,1400.0,3000.0,HardRockBet,3000.0,31.0,13.033333333333333,2.3785166240409206
Golden State Warriors @ Los Angeles Lakers,Jonathan Kuminga,Assists,4,1000.0,,,,400.0,,,400.0,BetMGM,1000.0,11.0,5.0,2.2
Golden State Warriors @ Los Angeles Lakers,Stephen Curry,Rebounds,8,,,,850.0,860.0,900.0,870.0,2000.0,HardRockBet,2000.0,21.0,9.7,2.1649484536082477
Houston Rockets @ Oklahoma City Thunder,Cason Wallace,Threes,1,-300.0,,-275.0,,-264.0,-250.0,,190.0,HardRockBet,190.0,2.9,1.3689393939393941,2.1184283342556722
Golden State Warriors @ Los Angeles Lakers,Stephen Curry,Assists,10,,,1100.0,,1280.0,1100.0,1060.0,2500.0,HardRockBet,2500.0,26.0,12.35,2.1052631578947367
Golden State Warriors @ Los Angeles Lakers,Al Horford,Blocks,1,,265.0,,,-134.0,,-136.0,,BetRivers,265.0,3.65,1.7407813871817384,2.0967595511284833
Houston Rockets @ Oklahoma City Thunder,Alex Caruso,Assists,4,475.0,,,175.0,193.0,,,155.0,BetMGM,475.0,5.75,2.7433333333333336,2.0959902794653704
Golden State Warriors @ Los Angeles Lakers,Austin Reaves,Rebounds,8,,,,575.0,336.0,600.0,600.0,1200.0,HardRockBet,1200.0,13.0,6.2775,2.070888092393469
Golden State Warriors @ Los Angeles Lakers,Marcus Smart,Points,20,,,,,3200.0,1600.0,1500.0,1500.0,DraftKings,3200.0,33.0,16.333333333333332,2.0204081632653064
Golden State Warriors @ Los Angeles Lakers,Marcus Smart,Threes,1,-300.0,,-260.0,-260.0,-249.0,-250.0,-235.0,175.0,HardRockBet,175.0,2.75,1.388283740526755,1.9808630755529633
Golden State Warriors @ Los Angeles Lakers,Marcus Smart,Assists,4,425.0,,,165.0,187.0,,,145.0,BetMGM,425.0,5.25,2.6566666666666667,1.9761606022584692
Houston Rockets @ Oklahoma City Thunder,Kevin Durant,Points,45,,,2400.0,,4800.0,,,,DraftKings,4800.0,49.0,25.0,1.96
Houston Rockets @ Oklahoma City Thunder,Amen Thompson,Assists,10,,,1200.0,,1020.0,1100.0,1100.0,2250.0,HardRockBet,2250.0,23.5,12.05,1.950207468879668
Golden State Warriors @ Los Angeles Lakers,Buddy Hield,Rebounds,6,,,,,980.0,,,2000.0,HardRockBet,2000.0,21.0,10.8,1.9444444444444444
Houston Rockets @ Oklahoma City Thunder,Tari Eason,Rebounds,10,1000.0,,,,1260.0,1100.0,1100.0,2250.0,HardRockBet,2250.0,23.5,12.15,1.934156378600823
Houston Rockets @ Oklahoma City Thunder,Luguentz Dort,Rebounds,6,775.0,280.0,,360.0,350.0,375.0,400.0,375.0,BetMGM,775.0,8.75,4.566666666666666,1.916058394160584
Houston Rockets @ Oklahoma City Thunder,Kevin Durant,Rebounds,10,,,900.0,,1500.0,1400.0,1400.0,2500.0,HardRockBet,2500.0,26.0,14.0,1.8571428571428572
Golden State Warriors @ Los Angeles Lakers,Jimmy Butler,Threes,1,-150.0,,,290.0,-146.0,-130.0,-132.0,275.0,Caesars,290.0,3.9,2.125680940064502,1.8347062000196783
Golden State Warriors @ Los Angeles Lakers,Al Horford,Points,20,,,2100.0,,3500.0,2000.0,,1500.0,DraftKings,3500.0,36.0,19.666666666666668,1.830508474576271
Houston Rockets @ Oklahoma City Thunder,Steven Adams,Assists,4,,,,,419.0,,,850.0,HardRockBet,850.0,9.5,5.19,1.8304431599229285
Golden State Warriors @ Los Angeles Lakers,Gabe Vincent,Rebounds,4,,,,,720.0,,,1400.0,HardRockBet,1400.0,15.0,8.2,1.829268292682927
Golden State Warriors @ Los Angeles Lakers,Jimmy Butler,Assists,10,1000.0,,1000.0,,1100.0,1100.0,1060.0,2000.0,HardRockBet,2000.0,21.0,11.52,1.8229166666666667
Houston Rockets @ Oklahoma City Thunder,Kevin Durant,Assists,8,,,,,1000.0,1100.0,1060.0,2000.0,HardRockBet,2000.0,21.0,11.533333333333333,1.8208092485549132
Houston Rockets @ Oklahoma City Thunder,Cason Wallace,Points,20,,,,,2800.0,,,1500.0,DraftKings,2800.0,29.0,16.0,1.8125
Golden State Warriors @ Los Angeles Lakers,Jake LaRavia,Rebounds,4,333.0,,,,158.0,,,130.0,BetMGM,333.0,4.33,2.44,1.7745901639344264
Golden State Warriors @ Los Angeles Lakers,Draymond Green,Threes,1,-300.0,-286.0,-350.0,135.0,-295.0,-300.0,-295.0,-325.0,Caesars,135.0,2.35,1.3268128159169321,1.7711616678769906
Houston Rockets @ Oklahoma City Thunder,Shai Gilgeous-Alexander,Assists,10,475.0,,430.0,425.0,483.0,400.0,450.0,850.0,HardRockBet,850.0,9.5,5.4383333333333335,1.7468587189702727
Golden State Warriors @ Los Angeles Lakers,Al Horford,Rebounds,10,,,1000.0,,1120.0,900.0,830.0,1750.0,HardRockBet,1750.0,18.5,10.625,1.7411764705882353
Golden State Warriors @ Los Angeles Lakers,Brandin Podziemski,Steals,1,,133.0,,,-264.0,,-330.0,,BetRivers,133.0,2.33,1.3409090909090908,1.737627118644068
Houston Rockets @ Oklahoma City Thunder,Tari Eason,Threes,1,-350.0,,-280.0,145.0,-288.0,-350.0,-330.0,160.0,HardRockBet,160.0,2.6,1.5048039923039924,1.7277997754505972
Golden State Warriors @ Los Angeles Lakers,Draymond Green,Assists,8,,,,450.0,363.0,425.0,450.0,800.0,HardRockBet,800.0,9.0,5.22,1.7241379310344829
Golden State Warriors @ Los Angeles Lakers,Gabe Vincent,Points,20,,,,,3100.0,2000.0,1800.0,1500.0,DraftKings,3100.0,32.0,18.666666666666668,1.7142857142857142
Houston Rockets @ Oklahoma City Thunder,Jabari Smith Jr,Threes,6,,,3500.0,,,,,2000.0,Bovada,3500.0,36.0,21.0,1.7142857142857142
Houston Rockets @ Oklahoma City Thunder,Reed Sheppard,Threes,6,,,3500.0,,,,,2000.0,Bovada,3500.0,36.0,21.0,1.7142857142857142
Houston Rockets @ Oklahoma City Thunder,Aaron Wiggins,Rebounds,6,700.0,,,550.0,560.0,,,1100.0,HardRockBet,1100.0,12.0,7.033333333333334,1.7061611374407581
Houston Rockets @ Oklahoma City Thunder,Cason Wallace,Assists,4,725.0,,,,246.0,,,525.0,BetMGM,725.0,8.25,4.855,1.6992790937178166
Golden State Warriors @ Los Angeles Lakers,Jimmy Butler,Rebounds,10,1000.0,,850.0,,980.0,1100.0,1060.0,1750.0,HardRockBet,1750.0,18.5,10.98,1.6848816029143898
Golden State Warriors @ Los Angeles Lakers,Rui Hachimura,Points,30,,,2500.0,,4700.0,,,3000.0,DraftKings,4700.0,48.0,28.5,1.6842105263157894
Houston Rockets @ Oklahoma City Thunder,Jabari Smith Jr,Rebounds,10,475.0,,500.0,675.0,589.0,550.0,540.0,1000.0,HardRockBet,1000.0,11.0,6.548333333333333,1.679816747263935
Golden State Warriors @ Los Angeles Lakers,Al Horford,Threes,1,105.0,-435.0,-550.0,-480.0,-398.0,-425.0,-390.0,-425.0,BetMGM,105.0,2.05,1.2283273351048842,1.6689362366302423
Golden State Warriors @ Los Angeles Lakers,Jimmy Butler,Steals,1,,104.0,,,-435.0,,-450.0,,BetRivers,104.0,2.04,1.2260536398467434,1.6638749999999998
Houston Rockets @ Oklahoma City Thunder,Shai Gilgeous-Alexander,Steals,1,,-106.0,,,-536.0,,-650.0,,BetRivers,-106.0,1.9433962264150944,1.1702066590126292,1.660729078447434
Golden State Warriors @ Los Angeles Lakers,Deandre Ayton,Rebounds,14,600.0,240.0,400.0,330.0,350.0,300.0,320.0,,BetMGM,600.0,7.0,4.233333333333333,1.6535433070866141
Houston Rockets @ Oklahoma City Thunder,Reed Sheppard,Rebounds,4,475.0,,,,269.0,,,230.0,BetMGM,475.0,5.75,3.495,1.6452074391988554
Golden State Warriors @ Los Angeles Lakers,Brandin Podziemski,Assists,6,850.0,,850.0,400.0,442.0,375.0,400.0,425.0,BetMGM,850.0,9.5,5.82,1.6323024054982818
Golden State Warriors @ Los Angeles Lakers,Jonathan Kuminga,Rebounds,10,,,,,2600.0,1400.0,1400.0,3000.0,HardRockBet,3000.0,31.0,19.0,1.631578947368421
Houston Rockets @ Oklahoma City Thunder,Reed Sheppard,Assists,4,,180.0,,185.0,174.0,210.0,215.0,375.0,HardRockBet,375.0,4.75,2.928,1.6222677595628416
Houston Rockets @ Oklahoma City Thunder,Jabari Smith Jr,Points,30,,,3000.0,,4900.0,,,,DraftKings,4900.0,50.0,31.0,1.6129032258064515
Houston Rockets @ Oklahoma City Thunder,Isaiah Hartenstein,Points,25,,,2000.0,,4700.0,,2500.0,5000.0,HardRockBet,5000.0,51.0,31.666666666666668,1.6105263157894736
Golden State Warriors @ Los Angeles Lakers,Rui Hachimura,Rebounds,10,,,1000.0,,1100.0,1100.0,1000.0,1750.0,HardRockBet,1750.0,18.5,11.5,1.608695652173913
Golden State Warriors @ Los Angeles Lakers,Stephen Curry,Rebounds,6,450.0,200.0,,210.0,229.0,225.0,240.0,475.0,HardRockBet,475.0,5.75,3.59,1.6016713091922006
Houston Rockets @ Oklahoma City Thunder,Chet Holmgren,Threes,1,-600.0,108.0,-550.0,-560.0,-466.0,-500.0,-480.0,-105.0,BetRivers,108.0,2.08,1.3003375482069537,1.599584663896024
Houston Rockets @ Oklahoma City Thunder,Amen Thompson,Rebounds,10,270.0,240.0,320.0,330.0,323.0,275.0,285.0,525.0,HardRockBet,525.0,6.25,3.918571428571429,1.5949690120306232
Houston Rockets @ Oklahoma City Thunder,Isaiah Hartenstein,Assists,6,,,1000.0,550.0,630.0,550.0,540.0,1100.0,HardRockBet,1100.0,12.0,7.540000000000001,1.5915119363395223
Houston Rockets @ Oklahoma City Thunder,Jabari Smith Jr,Points,25,,,1400.0,,1640.0,1600.0,1500.0,2500.0,HardRockBet,2500.0,26.0,16.35,1.5902140672782874
Golden State Warriors @ Los Angeles Lakers,Brandin Podziemski,Threes,5,,,1900.0,,2800.0,1600.0,1700.0,,DraftKings,2800.0,29.0,18.333333333333332,1.581818181818182
Houston Rockets @ Oklahoma City Thunder,Alperen Sengun,Assists,12,,,2800.0,,1960.0,1600.0,1700.0,1750.0,Bovada,2800.0,29.0,18.525,1.5654520917678814
Golden State Warriors @ Los Angeles Lakers,Rui Hachimura,Threes,1,-750.0,-132.0,-850.0,-850.0,-610.0,-900.0,-670.0,-700.0,BetRivers,-132.0,1.7575757575757576,1.133683408931634,1.5503232593234033
Golden State Warriors @ Los Angeles Lakers,Jimmy Butler,Points,35,,,2300.0,,4600.0,,3500.0,3000.0,DraftKings,4600.0,47.0,30.333333333333332,1.5494505494505495
Golden State Warriors @ Los Angeles Lakers,Brandin Podziemski,Rebounds,6,230.0,105.0,,115.0,117.0,115.0,116.0,110.0,BetMGM,230.0,3.3,2.13,1.5492957746478873
Golden State Warriors @ Los Angeles Lakers,Draymond Green,Rebounds,8,,225.0,,285.0,262.0,285.0,300.0,475.0,HardRockBet,475.0,5.75,3.714,1.548196015078083
Golden State Warriors @ Los Angeles Lakers,Austin Reaves,Rebounds,6,310.0,143.0,,150.0,132.0,150.0,164.0,325.0,HardRockBet,325.0,4.25,2.748333333333333,1.5463917525773196
Golden State Warriors @ Los Angeles Lakers,Jarred Vanderbilt,Rebounds,12,,,3500.0,,,,,2250.0,Bovada,3500.0,36.0,23.5,1.5319148936170213
Houston Rockets @ Oklahoma City Thunder,Shai Gilgeous-Alexander,Rebounds,10,,,,,2700.0,1600.0,1500.0,3000.0,HardRockBet,3000.0,31.0,20.333333333333332,1.5245901639344264
Houston Rockets @ Oklahoma City Thunder,Aaron Wiggins,Points,25,,,1400.0,,2300.0,1600.0,1500.0,1400.0,DraftKings,2300.0,24.0,15.75,1.5238095238095237
Golden State Warriors @ Los Angeles Lakers,Gabe Vincent,Assists,4,,,,,1280.0,,,2000.0,HardRockBet,2000.0,21.0,13.8,1.5217391304347825
Golden State Warriors @ Los Angeles Lakers,Luka Doncic,Assists,12,850.0,,750.0,475.0,471.0,500.0,480.0,475.0,BetMGM,850.0,9.5,6.251666666666668,1.5195947747267393
Houston Rockets @ Oklahoma City Thunder,Isaiah Hartenstein,Assists,4,250.0,114.0,265.0,115.0,128.0,125.0,130.0,120.0,Bovada,265.0,3.65,2.402857142857143,1.5190249702734837
Golden State Warriors @ Los Angeles Lakers,Jake LaRavia,Threes,2,,,,,690.0,,,1100.0,HardRockBet,1100.0,12.0,7.9,1.5189873417721518
Houston Rockets @ Oklahoma City Thunder,Shai Gilgeous-Alexander,Rebounds,6,340.0,170.0,,180.0,205.0,190.0,200.0,195.0,BetMGM,340.0,4.4,2.9000000000000004,1.5172413793103448
Golden State Warriors @ Los Angeles Lakers,Jake LaRavia,Points,15,,,,,1120.0,,,1750.0,HardRockBet,1750.0,18.5,12.2,1.5163934426229508
Houston Rockets @ Oklahoma City Thunder,Kevin Durant,Assists,6,525.0,275.0,600.0,280.0,270.0,285.0,300.0,600.0,Bovada,600.0,7.0,4.621428571428572,1.5146831530139102
Golden State Warriors @ Los Angeles Lakers,Draymond Green,Rebounds,10,875.0,,650.0,1000.0,730.0,900.0,800.0,1300.0,HardRockBet,1300.0,14.0,9.258333333333333,1.5121512151215122
Houston Rockets @ Oklahoma City Thunder,Amen Thompson,Assists,6,250.0,107.0,240.0,115.0,120.0,105.0,132.0,110.0,BetMGM,250.0,3.5,2.3271428571428574,1.5039901780233271
Golden State Warriors @ Los Angeles Lakers,Brandin Podziemski,Assists,4,195.0,-109.0,215.0,-109.0,-102.0,-105.0,-102.0,100.0,Bovada,215.0,3.15,2.0997182359182207,1.5002012870657782
Houston Rockets @ Oklahoma City Thunder,Alex Caruso,Threes,1,-105.0,,-450.0,-480.0,-380.0,-450.0,,105.0,HardRockBet,105.0,2.05,1.3736633249791146,1.4923598546471846
Golden State Warriors @ Los Angeles Lakers,Luka Doncic,Rebounds,10,145.0,140.0,170.0,160.0,173.0,135.0,144.0,275.0,HardRockBet,275.0,3.75,2.5242857142857145,1.4855687606112054
Houston Rockets @ Oklahoma City Thunder,Amen Thompson,Assists,8,,,,400.0,347.0,410.0,470.0,650.0,HardRockBet,650.0,7.5,5.0675,1.480019733596448
Houston Rockets @ Oklahoma City Thunder,Tari Eason,Threes,4,,,3000.0,,,,,2000.0,Bovada,3000.0,31.0,21.0,1.4761904761904763
Houston Rockets @ Oklahoma City Thunder,Luguentz Dort,Threes,6,,,3000.0,,,,,2000.0,Bovada,3000.0,31.0,21.0,1.4761904761904763
Houston Rockets @ Oklahoma City Thunder,Cason Wallace,Threes,4,,,3000.0,,,,,2000.0,Bovada,3000.0,31.0,21.0,1.4761904761904763
Golden State Warriors @ Los Angeles Lakers,Brandin Podziemski,Threes,6,,,3000.0,,,,,2000.0,Bovada,3000.0,31.0,21.0,1.4761904761904763
Golden State Warriors @ Los Angeles Lakers,Marcus Smart,Threes,4,,,3000.0,,,,,2000.0,Bovada,3000.0,31.0,21.0,1.4761904761904763
Houston Rockets @ Oklahoma City Thunder,Cason Wallace,Rebounds,6,,,,,920.0,,,1400.0,HardRockBet,1400.0,15.0,10.2,1.4705882352941178
Houston Rockets @ Oklahoma City Thunder,Cason Wallace,Threes,3,,,1400.0,,1880.0,1100.0,,,DraftKings,1880.0,19.8,13.5,1.4666666666666668
Houston Rockets @ Oklahoma City Thunder,Steven Adams,Rebounds,14,,,2400.0,,1720.0,1600.0,1500.0,,Bovada,2400.0,25.0,17.066666666666666,1.46484375
Houston Rockets @ Oklahoma City Thunder,Tari Eason,Points,25,,,1900.0,,5100.0,,,5000.0,DraftKings,5100.0,52.0,35.5,1.4647887323943662
Houston Rockets @ Oklahoma City Thunder,Luguentz Dort,Rebounds,4,195.0,-122.0,,-124.0,-117.0,-115.0,-113.0,185.0,BetMGM,195.0,2.95,2.0142242613925525,1.4645836893854562
Houston Rockets @ Oklahoma City Thunder,Tari Eason,Rebounds,8,,,,425.0,381.0,425.0,440.0,650.0,HardRockBet,650.0,7.5,5.1775,1.448575567358764
Golden State Warriors @ Los Angeles Lakers,Luka Doncic,Assists,10,175.0,170.0,180.0,175.0,186.0,175.0,176.0,300.0,HardRockBet,300.0,4.0,2.767142857142857,1.445534331440372
Houston Rockets @ Oklahoma City Thunder,Kevin Durant,Assists,4,130.0,-139.0,155.0,-154.0,-144.0,-150.0,-156.0,-145.0,Bovada,155.0,2.55,1.7657952906189784,1.4441085065450185
Houston Rockets @ Oklahoma City Thunder,Alex Caruso,Rebounds,4,220.0,,,130.0,137.0,150.0,162.0,275.0,HardRockBet,275.0,3.75,2.5980000000000003,1.4434180138568127
Golden State Warriors @ Los Angeles Lakers,Jimmy Butler,Points,30,,,1000.0,,1620.0,1200.0,1100.0,1100.0,DraftKings,1620.0,17.2,12.0,1.4333333333333333
Golden State Warriors @ Los Angeles Lakers,Luka Doncic,Assists,14,,,1800.0,,1280.0,1200.0,1200.0,,Bovada,1800.0,19.0,13.266666666666666,1.4321608040201006
Golden State Warriors @ Los Angeles Lakers,Jonathan Kuminga,Rebounds,6,310.0,,,180.0,202.0,175.0,180.0,195.0,BetMGM,310.0,4.1,2.864,1.4315642458100557
Golden State Warriors @ Los Angeles Lakers,Draymond Green,Points,20,,,1400.0,,2400.0,2000.0,1700.0,1500.0,DraftKings,2400.0,25.0,17.5,1.4285714285714286
Houston Rockets @ Oklahoma City Thunder,Reed Sheppard,Threes,1,-140.0,-155.0,-1100.0,-1000.0,-680.0,-900.0,-650.0,-650.0,BetMGM,-140.0,1.7142857142857144,1.2002760890806428,1.4282428266972975
Houston Rockets @ Oklahoma City Thunder,Alperen Sengun,Points,35,,,1800.0,,3500.0,,2500.0,3000.0,DraftKings,3500.0,36.0,25.333333333333332,1.4210526315789473
Houston Rockets @ Oklahoma City Thunder,Jabari Smith Jr,Threes,1,-1100.0,-182.0,-1200.0,-1000.0,-730.0,-1600.0,-1000.0,-850.0,BetRivers,-182.0,1.5494505494505495,1.0987679692051167,1.4101708394097716
Golden State Warriors @ Los Angeles Lakers,Al Horford,Rebounds,12,,,3000.0,,,1600.0,1700.0,3000.0,Bovada,3000.0,31.0,22.0,1.4090909090909092
Golden State Warriors @ Los Angeles Lakers,Draymond Green,Rebounds,12,,,2400.0,,2200.0,2000.0,1800.0,3000.0,HardRockBet,3000.0,31.0,22.0,1.4090909090909092
Golden State Warriors @ Los Angeles Lakers,Stephen Curry,Assists,6,170.0,105.0,205.0,100.0,107.0,110.0,114.0,110.0,Bovada,205.0,3.05,2.1657142857142855,1.408311345646438
Houston Rockets @ Oklahoma City Thunder,Aaron Wiggins,Threes,1,-160.0,,-800.0,-675.0,-495.0,-700.0,-560.0,-135.0,HardRockBet,-135.0,1.7407407407407407,1.2369328202661534,1.4073041900256005
Houston Rockets @ Oklahoma City Thunder,Alex Caruso,Points,20,,,1200.0,,1940.0,1400.0,1300.0,1500.0,DraftKings,1940.0,20.4,14.5,1.4068965517241379
Houston Rockets @ Oklahoma City Thunder,Chet Holmgren,Assists,4,,,,625.0,730.0,550.0,540.0,900.0,HardRockBet,900.0,10.0,7.112500000000001,1.4059753954305798
Houston Rockets @ Oklahoma City Thunder,Alperen Sengun,Assists,10,675.0,,675.0,475.0,610.0,650.0,600.0,900.0,HardRockBet,900.0,10.0,7.141666666666667,1.4002333722287048
Houston Rockets @ Oklahoma City Thunder,Alex Caruso,Rebounds,6,950.0,,,625.0,660.0,800.0,750.0,1100.0,HardRockBet,1100.0,12.0,8.57,1.4002333722287048
Golden State Warriors @ Los Angeles Lakers,Gabe Vincent,Threes,1,-175.0,,-900.0,-1250.0,-610.0,-1100.0,-720.0,-650.0,BetMGM,-175.0,1.5714285714285714,1.1231149451641256,1.3991698518435545
Golden State Warriors @ Los Angeles Lakers,Buddy Hield,Points,25,,,2500.0,,4000.0,2000.0,,4000.0,DraftKings,4000.0,41.0,29.333333333333332,1.3977272727272727
Golden State Warriors @ Los Angeles Lakers,Draymond Green,Assists,6,220.0,112.0,235.0,120.0,124.0,130.0,138.0,135.0,Bovada,235.0,3.35,2.398571428571429,1.3966646813579509
Houston Rockets @ Oklahoma City Thunder,Alex Caruso,Threes,4,,,2100.0,,2900.0,,,2000.0,DraftKings,2900.0,30.0,21.5,1.3953488372093024
Houston Rockets @ Oklahoma City Thunder,Amen Thompson,Points,30,,,1400.0,,3100.0,,2200.0,3000.0,DraftKings,3100.0,32.0,23.0,1.391304347826087
Houston Rockets @ Oklahoma City Thunder,Chet Holmgren,Rebounds,12,950.0,,725.0,700.0,720.0,650.0,630.0,525.0,BetMGM,950.0,10.5,7.583333333333333,1.3846153846153846
Golden State Warriors @ Los Angeles Lakers,Rui Hachimura,Assists,4,,,,,1420.0,,,2000.0,HardRockBet,2000.0,21.0,15.2,1.381578947368421
Houston Rockets @ Oklahoma City Thunder,Reed Sheppard,Rebounds,6,,,,,1420.0,,,2000.0,HardRockBet,2000.0,21.0,15.2,1.381578947368421
Golden State Warriors @ Los Angeles Lakers,Deandre Ayton,Rebounds,12,240.0,125.0,190.0,135.0,159.0,135.0,140.0,140.0,BetMGM,240.0,3.4,2.4628571428571426,1.3805104408352669
Golden State Warriors @ Los Angeles Lakers,Stephen Curry,Rebounds,4,110.0,-182.0,,-205.0,-183.0,-200.0,-196.0,-180.0,BetMGM,110.0,2.1,1.5249105253532054,1.3771299791596563
Golden State Warriors @ Los Angeles Lakers,Austin Reaves,Assists,6,165.0,100.0,205.0,-104.0,110.0,105.0,100.0,210.0,HardRockBet,210.0,3.1,2.2587912087912088,1.372415470688397
Golden State Warriors @ Los Angeles Lakers,Jake LaRavia,Rebounds,6,,,,,720.0,,,500.0,DraftKings,720.0,8.2,6.0,1.3666666666666665
Golden State Warriors @ Los Angeles Lakers,Deandre Ayton,Points,25,,,800.0,,1520.0,1200.0,1060.0,1600.0,HardRockBet,1600.0,17.0,12.450000000000001,1.3654618473895581
Houston Rockets @ Oklahoma City Thunder,Cason Wallace,Rebounds,4,400.0,,,,184.0,,,350.0,BetMGM,400.0,5.0,3.67,1.3623978201634879
Houston Rockets @ Oklahoma City Thunder,Alperen Sengun,Rebounds,10,-110.0,104.0,110.0,105.0,106.0,-105.0,102.0,175.0,HardRockBet,175.0,2.75,2.01878169449598,1.3622077154244159
Golden State Warriors @ Los Angeles Lakers,Austin Reaves,Points,40,,,1800.0,,3200.0,2500.0,2000.0,3000.0,DraftKings,3200.0,33.0,24.25,1.3608247422680413
Houston Rockets @ Oklahoma City Thunder,Steven Adams,Rebounds,12,,,1100.0,1100.0,710.0,800.0,750.0,550.0,Bovada,1100.0,12.0,8.82,1.3605442176870748
Golden State Warriors @ Los Angeles Lakers,Brandin Podziemski,Rebounds,8,,265.0,,400.0,412.0,350.0,370.0,525.0,HardRockBet,525.0,6.25,4.593999999999999,1.3604701784936877
Houston Rockets @ Oklahoma City Thunder,Luguentz Dort,Threes,5,,,1700.0,,2300.0,1600.0,1700.0,,DraftKings,2300.0,24.0,17.666666666666668,1.3584905660377358
Golden State Warriors @ Los Angeles Lakers,Jarred Vanderbilt,Rebounds,6,210.0,,235.0,130.0,143.0,140.0,,115.0,Bovada,235.0,3.35,2.476,1.3529886914378029
Houston Rockets @ Oklahoma City Thunder,Alperen Sengun,Rebounds,12,360.0,215.0,400.0,270.0,255.0,250.0,265.0,275.0,Bovada,400.0,5.0,3.6999999999999997,1.3513513513513515
Houston Rockets @ Oklahoma City Thunder,Isaiah Hartenstein,Rebounds,12,425.0,215.0,425.0,320.0,283.0,260.0,280.0,250.0,BetMGM,425.0,5.25,3.9042857142857144,1.3446761800219538
Houston Rockets @ Oklahoma City Thunder,Amen Thompson,Assists,12,,,4000.0,,2900.0,,,3000.0,Bovada,4000.0,41.0,30.5,1.3442622950819672
Houston Rockets @ Oklahoma City Thunder,Alperen Sengun,Assists,8,,190.0,,200.0,211.0,240.0,240.0,325.0,HardRockBet,325.0,4.25,3.162,1.3440860215053765
Golden State Warriors @ Los Angeles Lakers,Al Horford,Threes,4,,,1900.0,,2900.0,,2500.0,2000.0,DraftKings,2900.0,30.0,22.333333333333332,1.3432835820895523
Golden State Warriors @ Los Angeles Lakers,Luka Doncic,Rebounds,12,650.0,,625.0,450.0,456.0,375.0,400.0,450.0,BetMGM,650.0,7.5,5.593333333333334,1.3408820023837902
Golden State Warriors @ Los Angeles Lakers,Austin Reaves,Assists,12,,,3500.0,,1760.0,,3000.0,3000.0,Bovada,3500.0,36.0,26.866666666666664,1.339950372208437
Houston Rockets @ Oklahoma City Thunder,Shai Gilgeous-Alexander,Assists,12,,,1900.0,,1580.0,1200.0,1200.0,1600.0,Bovada,1900.0,20.0,14.95,1.3377926421404682
Golden State Warriors @ Los Angeles Lakers,Rui Hachimura,Rebounds,6,210.0,110.0,215.0,105.0,115.0,110.0,112.0,190.0,Bovada,215.0,3.15,2.36,1.3347457627118644
Golden State Warriors @ Los Angeles Lakers,Buddy Hield,Rebounds,4,390.0,,,,197.0,,,425.0,HardRockBet,425.0,5.25,3.935,1.3341804320203303
Houston Rockets @ Oklahoma City Thunder,Shai Gilgeous-Alexander,Threes,1,-175.0,-148.0,-1100.0,-850.0,-640.0,-1000.0,-700.0,-160.0,BetRivers,-148.0,1.6756756756756757,1.2577274091454762,1.3323043319968366
Golden State Warriors @ Los Angeles Lakers,Jake LaRavia,Points,10,425.0,,,,243.0,,,350.0,BetMGM,425.0,5.25,3.965,1.3240857503152585
Golden State Warriors @ Los Angeles Lakers,Draymond Green,Assists,12,,,4000.0,,,,3000.0,3000.0,Bovada,4000.0,41.0,31.0,1.3225806451612903
Golden State Warriors @ Los Angeles Lakers,Buddy Hield,Threes,6,,,2500.0,,,,3000.0,2000.0,FanDuel,3000.0,31.0,23.5,1.3191489361702127
Golden State Warriors @ Los Angeles Lakers,Deandre Ayton,Points,30,,,2000.0,,,2500.0,,3000.0,HardRockBet,3000.0,31.0,23.5,1.3191489361702127
Houston Rockets @ Oklahoma City Thunder,Kevin Durant,Rebounds,8,,,,425.0,442.0,600.0,560.0,700.0,HardRockBet,700.0,8.0,6.067500000000001,1.318500206015657
Golden State Warriors @ Los Angeles Lakers,Jonathan Kuminga,Points,25,,,800.0,,1380.0,1200.0,1100.0,1000.0,DraftKings,1380.0,14.8,11.25,1.3155555555555556
Houston Rockets @ Oklahoma City Thunder,Shai Gilgeous-Alexander,Points,50,,,1200.0,,1720.0,1600.0,1500.0,2000.0,HardRockBet,2000.0,21.0,16.05,1.308411214953271
Golden State Warriors @ Los Angeles Lakers,Buddy Hield,Threes,5,,,1400.0,,1860.0,1400.0,1400.0,,DraftKings,1860.0,19.6,15.0,1.3066666666666669
Houston Rockets @ Oklahoma City Thunder,Chet Holmgren,Rebounds,10,210.0,210.0,195.0,235.0,265.0,225.0,240.0,325.0,HardRockBet,325.0,4.25,3.2571428571428567,1.304824561403509
Golden State Warriors @ Los Angeles Lakers,Brandin Podziemski,Threes,1,-200.0,-200.0,-1500.0,-1700.0,-780.0,-1200.0,-900.0,-1000.0,BetMGM,-200.0,1.5,1.149734252675429,1.3046493104902315
Golden State Warriors @ Los Angeles Lakers,Al Horford,Rebounds,6,210.0,105.0,205.0,110.0,123.0,110.0,112.0,200.0,BetMGM,210.0,3.1,2.3785714285714286,1.3033033033033032
Houston Rockets @ Oklahoma City Thunder,Amen Thompson,Rebounds,14,,,2500.0,,2400.0,1600.0,1700.0,,Bovada,2500.0,26.0,20.0,1.3
Houston Rockets @ Oklahoma City Thunder,Chet Holmgren,Points,30,,,1000.0,,1900.0,2000.0,1700.0,1500.0,ESPNBET,2000.0,21.0,16.25,1.2923076923076924
Houston Rockets @ Oklahoma City Thunder,Amen Thompson,Rebounds,12,,,1200.0,1100.0,880.0,900.0,800.0,850.0,Bovada,1200.0,13.0,10.059999999999999,1.2922465208747516
Golden State Warriors @ Los Angeles Lakers,Austin Reaves,Rebounds,4,-125.0,-265.0,,-295.0,-218.0,-285.0,-280.0,-115.0,HardRockBet,-115.0,1.8695652173913042,1.447179531311514,1.2918682008285463
Houston Rockets @ Oklahoma City Thunder,Chet Holmgren,Points,35,,,2300.0,,,,,3000.0,HardRockBet,3000.0,31.0,24.0,1.2916666666666667
Houston Rockets @ Oklahoma City Thunder,Kevin Durant,Rebounds,6,210.0,132.0,190.0,120.0,131.0,150.0,158.0,230.0,HardRockBet,230.0,3.3,2.5585714285714287,1.2897822445561138
Houston Rockets @ Oklahoma City Thunder,Kevin Durant,Points,40,,,1200.0,,1820.0,1600.0,1500.0,2000.0,HardRockBet,2000.0,21.0,16.3,1.2883435582822085
Golden State Warriors @ Los Angeles Lakers,Jimmy Butler,Assists,6,155.0,102.0,185.0,-106.0,114.0,110.0,112.0,170.0,Bovada,185.0,2.85,2.2247708894878704,1.2810307854468799
Houston Rockets @ Oklahoma City Thunder,Jabari Smith Jr,Assists,4,,,,,1540.0,,,2000.0,HardRockBet,2000.0,21.0,16.4,1.2804878048780488
Houston Rockets @ Oklahoma City Thunder,Shai Gilgeous-Alexander,Rebounds,4,-118.0,-215.0,,-245.0,-200.0,-240.0,-230.0,-230.0,BetMGM,-118.0,1.847457627118644,1.443251904738977,1.2800659545658253
Golden State Warriors @ Los Angeles Lakers,Draymond Green,Rebounds,6,150.0,-120.0,140.0,-118.0,-113.0,-115.0,-113.0,160.0,HardRockBet,160.0,2.6,2.0314668117525803,1.2798633898217302
Golden State Warriors @ Los Angeles Lakers,Jake LaRavia,Assists,4,,,,,1300.0,,,1000.0,DraftKings,1300.0,14.0,11.0,1.2727272727272727
Houston Rockets @ Oklahoma City Thunder,Isaiah Hartenstein,Assists,8,,,,,,1600.0,1500.0,2000.0,HardRockBet,2000.0,21.0,16.5,1.2727272727272727
Golden State Warriors @ Los Angeles Lakers,Marcus Smart,Threes,3,,,1400.0,,1800.0,1400.0,1400.0,,DraftKings,1800.0,19.0,15.0,1.2666666666666666
Houston Rockets @ Oklahoma City Thunder,Aaron Wiggins,Rebounds,4,175.0,,,110.0,123.0,,,120.0,BetMGM,175.0,2.75,2.1766666666666667,1.2633996937212864
Houston Rockets @ Oklahoma City Thunder,Tari Eason,Rebounds,4,-210.0,,,-390.0,-351.0,-350.0,-330.0,-150.0,HardRockBet,-150.0,1.6666666666666665,1.3212491212491213,1.2614325639747517
Houston Rockets @ Oklahoma City Thunder,Alperen Sengun,Assists,6,115.0,-150.0,125.0,-205.0,-147.0,-145.0,-140.0,110.0,Bovada,125.0,2.25,1.7840977914654987,1.261141631789028
Golden State Warriors @ Los Angeles Lakers,Al Horford,Points,15,700.0,,725.0,1000.0,810.0,900.0,800.0,700.0,Caesars,1000.0,11.0,8.725,1.2607449856733526
Golden State Warriors @ Los Angeles Lakers,Gabe Vincent,Points,15,775.0,,,950.0,760.0,700.0,680.0,750.0,Caesars,950.0,10.5,8.33,1.2605042016806722
Golden State Warriors @ Los Angeles Lakers,Jimmy Butler,Rebounds,6,170.0,104.0,175.0,100.0,112.0,110.0,112.0,185.0,HardRockBet,185.0,2.85,2.261428571428571,1.2602653190145297
Golden State Warriors @ Los Angeles Lakers,Rui Hachimura,Rebounds,4,-185.0,-335.0,-160.0,-480.0,-333.0,-425.0,-400.0,-500.0,Bovada,-160.0,1.625,1.2904251077868285,1.2592749398583785
Golden State Warriors @ Los Angeles Lakers,Stephen Curry,Points,45,,,1600.0,,2100.0,,1700.0,,DraftKings,2100.0,22.0,17.5,1.2571428571428571
Golden State Warriors @ Los Angeles Lakers,Gabe Vincent,Threes,4,,,1200.0,,1400.0,1000.0,1100.0,1500.0,HardRockBet,1500.0,16.0,12.75,1.2549019607843137
Houston Rockets @ Oklahoma City Thunder,Jabari Smith Jr,Rebounds,6,-110.0,-165.0,110.0,-162.0,-162.0,-160.0,-148.0,-150.0,Bovada,110.0,2.1,1.673865965532632,1.2545807389851376
Houston Rockets @ Oklahoma City Thunder,Alperen Sengun,Rebounds,14,875.0,,900.0,750.0,591.0,650.0,630.0,,Bovada,900.0,10.0,7.991999999999999,1.2512512512512515
Houston Rockets @ Oklahoma City Thunder,Cason Wallace,Assists,6,,,,,1400.0,,,1100.0,DraftKings,1400.0,15.0,12.0,1.25
Houston Rockets @ Oklahoma City Thunder,Isaiah Hartenstein,Rebounds,14,1000.0,,950.0,950.0,620.0,700.0,680.0,,BetMGM,1000.0,11.0,8.8,1.25
Houston Rockets @ Oklahoma City Thunder,Chet Holmgren,Rebounds,14,,,1600.0,,1980.0,1600.0,1500.0,,DraftKings,1980.0,20.8,16.666666666666668,1.248
Golden State Warriors @ Los Angeles Lakers,Austin Reaves,Threes,6,,,1200.0,,1460.0,1200.0,1200.0,1600.0,HardRockBet,1600.0,17.0,13.65,1.2454212454212454
Houston Rockets @ Oklahoma City Thunder,Chet Holmgren,Points,25,425.0,,400.0,500.0,600.0,650.0,630.0,475.0,ESPNBET,650.0,7.5,6.05,1.2396694214876034
Houston Rockets @ Oklahoma City Thunder,Reed Sheppard,Points,15,450.0,295.0,475.0,550.0,485.0,400.0,420.0,450.0,Caesars,550.0,6.5,5.25,1.2380952380952381
Golden State Warriors @ Los Angeles Lakers,Jonathan Kuminga,Assists,6,,,,,2500.0,,,2000.0,DraftKings,2500.0,26.0,21.0,1.2380952380952381
Golden State Warriors @ Los Angeles Lakers,Al Horford,Assists,6,,,,,,2500.0,,2000.0,ESPNBET,2500.0,26.0,21.0,1.2380952380952381
Golden State Warriors @ Los Angeles Lakers,Gabe Vincent,Threes,5,,,2500.0,,,,2000.0,,Bovada,2500.0,26.0,21.0,1.2380952380952381
Golden State Warriors @ Los Angeles Lakers,Draymond Green,Threes,4,,,2500.0,,,,,2000.0,Bovada,2500.0,26.0,21.0,1.2380952380952381
Houston Rockets @ Oklahoma City Thunder,Amen Thompson,Assists,4,-155.0,-360.0,-160.0,-400.0,-291.0,-400.0,-340.0,-375.0,BetMGM,-155.0,1.6451612903225805,1.329600671883874,1.2373348819022463
Houston Rockets @ Oklahoma City Thunder,Amen Thompson,Points,25,775.0,,625.0,800.0,870.0,1000.0,870.0,800.0,ESPNBET,1000.0,11.0,8.9,1.2359550561797752
Golden State Warriors @ Los Angeles Lakers,Jonathan Kuminga,Rebounds,4,-125.0,,,-235.0,-202.0,-240.0,-230.0,-195.0,BetMGM,-125.0,1.8,1.4569702416053887,1.235440469955404
Golden State Warriors @ Los Angeles Lakers,Draymond Green,Assists,4,-185.0,-315.0,-160.0,-360.0,-263.0,-350.0,-330.0,-140.0,HardRockBet,-140.0,1.7142857142857144,1.389964480200765,1.233330591324251
Houston Rockets @ Oklahoma City Thunder,Shai Gilgeous-Alexander,Points,45,775.0,,625.0,625.0,700.0,900.0,830.0,,ESPNBET,900.0,10.0,8.11,1.2330456226880395
Houston Rockets @ Oklahoma City Thunder,Amen Thompson,Rebounds,6,-200.0,-278.0,-145.0,-310.0,-268.0,-300.0,-290.0,-275.0,Bovada,-145.0,1.6896551724137931,1.3710320695588456,1.2323965353760618
Golden State Warriors @ Los Angeles Lakers,Buddy Hield,Threes,1,-2000.0,,-3500.0,-275.0,-900.0,-1600.0,-1200.0,-325.0,Caesars,-275.0,1.3636363636363638,1.1072013634513633,1.2316064707377548
Houston Rockets @ Oklahoma City Thunder,Isaiah Hartenstein,Rebounds,10,100.0,110.0,115.0,120.0,119.0,105.0,110.0,160.0,HardRockBet,160.0,2.6,2.1128571428571425,1.230561189993239
Golden State Warriors @ Los Angeles Lakers,Brandin Podziemski,Rebounds,4,-175.0,-315.0,,-440.0,-362.0,-425.0,-400.0,-275.0,BetMGM,-175.0,1.5714285714285714,1.2783177699898534,1.229294161686452
Houston Rockets @ Oklahoma City Thunder,Shai Gilgeous-Alexander,Threes,3,475.0,,450.0,475.0,553.0,650.0,600.0,,ESPNBET,650.0,7.5,6.106,1.2283000327546676
Houston Rockets @ Oklahoma City Thunder,Jabari Smith Jr,Rebounds,12,,,1900.0,,1740.0,1400.0,1400.0,2000.0,HardRockBet,2000.0,21.0,17.1,1.2280701754385963
Houston Rockets @ Oklahoma City Thunder,Kevin Durant,Threes,6,,,2300.0,,2800.0,,2500.0,2000.0,DraftKings,2800.0,29.0,23.666666666666668,1.2253521126760563
Houston Rockets @ Oklahoma City Thunder,Isaiah Hartenstein,Points,20,,,750.0,,1140.0,1000.0,900.0,1000.0,DraftKings,1140.0,12.4,10.125,1.2246913580246914
Golden State Warriors @ Los Angeles Lakers,Jarred Vanderbilt,Rebounds,8,,,,475.0,434.0,375.0,,300.0,Caesars,475.0,5.75,4.696666666666666,1.2242725337118525
Houston Rockets @ Oklahoma City Thunder,Luguentz Dort,Threes,1,-325.0,-210.0,-1900.0,-245.0,-1000.0,-2000.0,-1400.0,-220.0,BetRivers,-210.0,1.4761904761904763,1.206351596845689,1.2236817856836673
Houston Rockets @ Oklahoma City Thunder,Tari Eason,Rebounds,6,175.0,,,120.0,115.0,130.0,134.0,125.0,BetMGM,175.0,2.75,2.2479999999999998,1.2233096085409254
Golden State Warriors @ Los Angeles Lakers,Luka Doncic,Rebounds,14,,,1400.0,,1220.0,1100.0,1060.0,,Bovada,1400.0,15.0,12.266666666666666,1.2228260869565217
Golden State Warriors @ Los Angeles Lakers,Jimmy Butler,Points,25,375.0,280.0,400.0,390.0,488.0,450.0,450.0,325.0,DraftKings,488.0,5.88,4.814285714285715,1.2213649851632045
Golden State Warriors @ Los Angeles Lakers,Luka Doncic,Points,50,,,1400.0,,2200.0,2000.0,1700.0,2250.0,HardRockBet,2250.0,23.5,19.25,1.2207792207792207
Houston Rockets @ Oklahoma City Thunder,Chet Holmgren,Threes,4,,,1800.0,,2300.0,,2500.0,2000.0,FanDuel,2500.0,26.0,21.333333333333332,1.21875
Golden State Warriors @ Los Angeles Lakers,Deandre Ayton,Points,20,450.0,280.0,300.0,360.0,412.0,350.0,360.0,400.0,BetMGM,450.0,5.5,4.517142857142857,1.2175838077166352
Golden State Warriors @ Los Angeles Lakers,Austin Reaves,Assists,4,-250.0,-400.0,-185.0,-530.0,-266.0,-500.0,-480.0,-425.0,Bovada,-185.0,1.5405405405405406,1.2654637922696388,1.2173722788050263
Golden State Warriors @ Los Angeles Lakers,Deandre Ayton,Rebounds,10,-175.0,-165.0,-200.0,-190.0,-144.0,-190.0,-180.0,-110.0,HardRockBet,-110.0,1.9090909090909092,1.5685886794909352,1.2170755367879358
Golden State Warriors @ Los Angeles Lakers,Rui Hachimura,Threes,5,,,2500.0,,2400.0,,3000.0,,FanDuel,3000.0,31.0,25.5,1.2156862745098038
Houston Rockets @ Oklahoma City Thunder,Shai Gilgeous-Alexander,Assists,6,-125.0,-182.0,-120.0,-245.0,-207.0,-240.0,-205.0,-240.0,Bovada,-120.0,1.8333333333333335,1.5088348305111998,1.2150656229961183
Golden State Warriors @ Los Angeles Lakers,Brandin Podziemski,Assists,8,,,,,1980.0,1600.0,1500.0,1750.0,DraftKings,1980.0,20.8,17.166666666666668,1.2116504854368932
Golden State Warriors @ Los Angeles Lakers,Marcus Smart,Points,15,700.0,,,675.0,770.0,550.0,520.0,650.0,DraftKings,770.0,8.7,7.19,1.2100139082058412
Golden State Warriors @ Los Angeles Lakers,Luka Doncic,Threes,6,,,800.0,800.0,800.0,1000.0,900.0,750.0,ESPNBET,1000.0,11.0,9.1,1.208791208791209
Golden State Warriors @ Los Angeles Lakers,Rui Hachimura,Points,20,575.0,,440.0,550.0,486.0,650.0,600.0,475.0,ESPNBET,650.0,7.5,6.21,1.2077294685990339
Houston Rockets @ Oklahoma City Thunder,Chet Holmgren,Blocks,1,,-157.0,,,-165.0,,-900.0,,BetRivers,-157.0,1.6369426751592355,1.3585858585858586,1.2048871735372813
Houston Rockets @ Oklahoma City Thunder,Kevin Durant,Points,35,525.0,,525.0,700.0,690.0,800.0,750.0,700.0,ESPNBET,800.0,9.0,7.483333333333333,1.2026726057906458
Houston Rockets @ Oklahoma City Thunder,Reed Sheppard,Assists,6,,,,1000.0,610.0,1000.0,900.0,750.0,Caesars,1000.0,11.0,9.15,1.2021857923497268
Golden State Warriors @ Los Angeles Lakers,Austin Reaves,Points,35,,,850.0,1200.0,1180.0,1000.0,900.0,1000.0,Caesars,1200.0,13.0,10.86,1.1970534069981584
Golden State Warriors @ Los Angeles Lakers,Rui Hachimura,Steals,1,,-115.0,,,-169.0,,-188.0,,BetRivers,-115.0,1.8695652173913042,1.561815434974191,1.1970461909426569
Houston Rockets @ Oklahoma City Thunder,Alperen Sengun,Rebounds,8,,-235.0,,-280.0,-237.0,-240.0,-225.0,-145.0,HardRockBet,-145.0,1.6896551724137931,1.4131453622835255,1.1956697573443194
Houston Rockets @ Oklahoma City Thunder,Kevin Durant,Threes,4,450.0,,525.0,525.0,514.0,650.0,650.0,500.0,ESPNBET,650.0,7.5,6.273333333333333,1.1955366631243358
Golden State Warriors @ Los Angeles Lakers,Stephen Curry,Points,40,,,750.0,1000.0,870.0,1000.0,900.0,1100.0,HardRockBet,1100.0,12.0,10.040000000000001,1.195219123505976
Golden State Warriors @ Los Angeles Lakers,Buddy Hield,Threes,4,600.0,,650.0,700.0,770.0,800.0,750.0,450.0,ESPNBET,800.0,9.0,7.533333333333334,1.1946902654867255
Houston Rockets @ Oklahoma City Thunder,Aaron Wiggins,Threes,4,,,1200.0,,1780.0,1600.0,1700.0,1400.0,DraftKings,1780.0,18.8,15.75,1.1936507936507936
Houston Rockets @ Oklahoma City Thunder,Shai Gilgeous-Alexander,Threes,4,,,1000.0,,1500.0,1600.0,1600.0,1200.0,ESPNBET,1600.0,17.0,14.25,1.1929824561403508
Golden State Warriors @ Los Angeles Lakers,Brandin Podziemski,Points,30,,,2500.0,,,,,3000.0,HardRockBet,3000.0,31.0,26.0,1.1923076923076923
Golden State Warriors @ Los Angeles Lakers,Jonathan Kuminga,Points,30,,,2000.0,,,,3000.0,3000.0,FanDuel,3000.0,31.0,26.0,1.1923076923076923
Golden State Warriors @ Los Angeles Lakers,Brandin Podziemski,Rebounds,12,,,,,,,2500.0,3000.0,HardRockBet,3000.0,31.0,26.0,1.1923076923076923
Golden State Warriors @ Los Angeles Lakers,Rui Hachimura,Points,25,,,1200.0,,1520.0,1600.0,1500.0,1750.0,HardRockBet,1750.0,18.5,15.55,1.1897106109324758
Houston Rockets @ Oklahoma City Thunder,Alex Caruso,Assists,6,,,,950.0,1000.0,,,700.0,DraftKings,1000.0,11.0,9.25,1.1891891891891893
Golden State Warriors @ Los Angeles Lakers,Al Horford,Assists,4,,,,500.0,630.0,550.0,560.0,450.0,DraftKings,630.0,7.3,6.15,1.186991869918699
Houston Rockets @ Oklahoma City Thunder,Tari Eason,Threes,3,,,1400.0,,1520.0,1200.0,1200.0,,DraftKings,1520.0,16.2,13.666666666666666,1.1853658536585365
Golden State Warriors @ Los Angeles Lakers,Draymond Green,Threes,3,,,1100.0,,1520.0,1400.0,1300.0,,DraftKings,1520.0,16.2,13.666666666666666,1.1853658536585365
Houston Rockets @ Oklahoma City Thunder,Reed Sheppard,Threes,3,600.0,,450.0,475.0,459.0,550.0,520.0,,BetMGM,600.0,7.0,5.9079999999999995,1.1848341232227488
Golden State Warriors @ Los Angeles Lakers,Stephen Curry,Assists,4,-235.0,-375.0,-185.0,-460.0,-386.0,-425.0,-400.0,-180.0,HardRockBet,-180.0,1.5555555555555556,1.3134988430869519,1.1842839175249886
Golden State Warriors @ Los Angeles Lakers,Jimmy Butler,Threes,2,,,,,1200.0,1400.0,1300.0,1000.0,ESPNBET,1400.0,15.0,12.666666666666666,1.1842105263157896
Golden State Warriors @ Los Angeles Lakers,Al Horford,Rebounds,8,,250.0,,400.0,374.0,300.0,340.0,350.0,Caesars,400.0,5.0,4.228,1.1825922421948913
Houston Rockets @ Oklahoma City Thunder,Steven Adams,Rebounds,10,333.0,,290.0,340.0,290.0,275.0,285.0,375.0,HardRockBet,375.0,4.75,4.021666666666667,1.181102362204724
Golden State Warriors @ Los Angeles Lakers,Luka Doncic,Blocks,1,,170.0,,,129.0,,,,BetRivers,170.0,2.7,2.29,1.1790393013100438
Houston Rockets @ Oklahoma City Thunder,Tari Eason,Points,20,,,750.0,,1240.0,1200.0,1100.0,1100.0,DraftKings,1240.0,13.4,11.375,1.178021978021978
Golden State Warriors @ Los Angeles Lakers,Brandin Podziemski,Points,25,,,1100.0,,1580.0,1400.0,1300.0,1600.0,HardRockBet,1600.0,17.0,14.45,1.1764705882352942
Houston Rockets @ Oklahoma City Thunder,Reed Sheppard,Points,20,,,1400.0,,1780.0,1600.0,1500.0,1500.0,DraftKings,1780.0,18.8,16.0,1.175
Golden State Warriors @ Los Angeles Lakers,Jarred Vanderbilt,Rebounds,10,,,1100.0,,1280.0,900.0,,1300.0,HardRockBet,1300.0,14.0,11.933333333333332,1.1731843575418996
Houston Rockets @ Oklahoma City Thunder,Reed Sheppard,Threes,5,,,2200.0,,2900.0,,3000.0,,FanDuel,3000.0,31.0,26.5,1.169811320754717
Golden State Warriors @ Los Angeles Lakers,Al Horford,Rebounds,4,-185.0,-295.0,-165.0,-440.0,-299.0,-350.0,-350.0,-165.0,Bovada,-165.0,1.606060606060606,1.37410480809786,1.1688050260764584
Houston Rockets @ Oklahoma City Thunder,Kevin Durant,Points,30,210.0,210.0,225.0,245.0,262.0,285.0,300.0,260.0,FanDuel,300.0,4.0,3.424285714285715,1.1681268251981642
Houston Rockets @ Oklahoma City Thunder,Steven Adams,Points,10,425.0,,,340.0,327.0,340.0,350.0,400.0,BetMGM,425.0,5.25,4.514,1.163048294195835
Golden State Warriors @ Los Angeles Lakers,Draymond Green,Rebounds,4,-275.0,-435.0,-250.0,-625.0,-409.0,-600.0,-500.0,-220.0,HardRockBet,-220.0,1.4545454545454546,1.2520981236114868,1.1616864741798665
Golden State Warriors @ Los Angeles Lakers,Jimmy Butler,Assists,12,,,3500.0,,,,3000.0,3000.0,Bovada,3500.0,36.0,31.0,1.1612903225806452
Golden State Warriors @ Los Angeles Lakers,Stephen Curry,Points,50,,,3000.0,,,,3500.0,,FanDuel,3500.0,36.0,31.0,1.1612903225806452
Golden State Warriors @ Los Angeles Lakers,Stephen Curry,Assists,12,,,3500.0,,,,,3000.0,Bovada,3500.0,36.0,31.0,1.1612903225806452
Houston Rockets @ Oklahoma City Thunder,Shai Gilgeous-Alexander,Assists,14,,,3500.0,,,,3000.0,,Bovada,3500.0,36.0,31.0,1.1612903225806452
Golden State Warriors @ Los Angeles Lakers,Jarred Vanderbilt,Rebounds,4,-175.0,,-145.0,-345.0,-243.0,-275.0,,-155.0,Bovada,-145.0,1.6896551724137931,1.4563207863192278,1.1602218331884868
Golden State Warriors @ Los Angeles Lakers,Luka Doncic,Steals,2,,,,,288.0,,350.0,,FanDuel,350.0,4.5,3.88,1.1597938144329898
Houston Rockets @ Oklahoma City Thunder,Shai Gilgeous-Alexander,Threes,2,175.0,190.0,175.0,185.0,203.0,225.0,240.0,200.0,FanDuel,240.0,3.4,2.932857142857143,1.159279103750609
Golden State Warriors @ Los Angeles Lakers,Buddy Hield,Points,20,,,1000.0,,1220.0,1100.0,1060.0,1000.0,DraftKings,1220.0,13.2,11.4,1.157894736842105
Golden State Warriors @ Los Angeles Lakers,Draymond Green,Threes,2,500.0,,430.0,425.0,496.0,550.0,520.0,400.0,ESPNBET,550.0,6.5,5.618333333333333,1.156926727973895
Golden State Warriors @ Los Angeles Lakers,Luka Doncic,Threes,5,375.0,,385.0,370.0,384.0,450.0,470.0,,FanDuel,470.0,5.7,4.928,1.156655844155844
Houston Rockets @ Oklahoma City Thunder,Jabari Smith Jr,Threes,5,,,2100.0,,,2500.0,2200.0,,ESPNBET,2500.0,26.0,22.5,1.1555555555555554
Houston Rockets @ Oklahoma City Thunder,Kevin Durant,Rebounds,4,-190.0,-278.0,-180.0,-390.0,-309.0,-300.0,-295.0,-350.0,Bovada,-180.0,1.5555555555555556,1.3462990773520143,1.1554309006993604
Houston Rockets @ Oklahoma City Thunder,Luguentz Dort,Points,20,,,1100.0,,1340.0,1400.0,1300.0,1500.0,HardRockBet,1500.0,16.0,13.85,1.1552346570397112
Houston Rockets @ Oklahoma City Thunder,Chet Holmgren,Points,20,138.0,150.0,150.0,150.0,190.0,190.0,200.0,150.0,FanDuel,200.0,3.0,2.597142857142857,1.155115511551155
Golden State Warriors @ Los Angeles Lakers,Luka Doncic,Threes,4,175.0,180.0,190.0,175.0,188.0,220.0,230.0,175.0,FanDuel,230.0,3.3,2.861428571428571,1.1532700948577135
Golden State Warriors @ Los Angeles Lakers,Stephen Curry,Points,35,400.0,270.0,340.0,360.0,360.0,375.0,390.0,425.0,HardRockBet,425.0,5.25,4.564285714285714,1.1502347417840375
Houston Rockets @ Oklahoma City Thunder,Aaron Wiggins,Points,20,700.0,,525.0,675.0,650.0,650.0,600.0,475.0,BetMGM,700.0,8.0,6.958333333333333,1.1497005988023952
Golden State Warriors @ Los Angeles Lakers,Marcus Smart,Assists,6,,,,900.0,990.0,,,1100.0,HardRockBet,1100.0,12.0,10.45,1.1483253588516746
Golden State Warriors @ Los Angeles Lakers,Draymond Green,Steals,2,,290.0,,,382.0,,350.0,,DraftKings,382.0,4.82,4.2,1.1476190476190475
Golden State Warriors @ Los Angeles Lakers,Austin Reaves,Assists,8,,295.0,,330.0,287.0,320.0,340.0,375.0,HardRockBet,375.0,4.75,4.144,1.1462355212355213
Houston Rockets @ Oklahoma City Thunder,Reed Sheppard,Threes,4,,,1000.0,,1140.0,1200.0,1100.0,900.0,ESPNBET,1200.0,13.0,11.35,1.145374449339207
Golden State Warriors @ Los Angeles Lakers,Deandre Ayton,Rebounds,16,,,,900.0,770.0,800.0,750.0,,Caesars,900.0,10.0,8.733333333333333,1.1450381679389314
Golden State Warriors @ Los Angeles Lakers,Jimmy Butler,Rebounds,4,-225.0,-360.0,-200.0,-500.0,-353.0,-450.0,-410.0,-200.0,Bovada,-200.0,1.5,1.3102332860641437,1.144834294742964
Golden State Warriors @ Los Angeles Lakers,Jimmy Butler,Assists,8,,290.0,,330.0,361.0,360.0,390.0,300.0,FanDuel,390.0,4.9,4.281999999999999,1.1443250817375061
Houston Rockets @ Oklahoma City Thunder,Cason Wallace,Points,15,775.0,,,,680.0,,,650.0,BetMGM,775.0,8.75,7.65,1.1437908496732025
Houston Rockets @ Oklahoma City Thunder,Aaron Wiggins,Threes,3,500.0,,575.0,600.0,690.0,650.0,630.0,,DraftKings,690.0,7.9,6.909999999999999,1.1432706222865414
Golden State Warriors @ Los Angeles Lakers,Deandre Ayton,Assists,6,,,,,2300.0,,,2000.0,DraftKings,2300.0,24.0,21.0,1.1428571428571428
Houston Rockets @ Oklahoma City Thunder,Aaron Wiggins,Rebounds,8,,,,,2300.0,,,2000.0,DraftKings,2300.0,24.0,21.0,1.1428571428571428
Golden State Warriors @ Los Angeles Lakers,Austin Reaves,Threes,4,360.0,270.0,320.0,295.0,313.0,300.0,320.0,300.0,BetMGM,360.0,4.6,4.025714285714286,1.1426543647977287
Golden State Warriors @ Los Angeles Lakers,Brandin Podziemski,Threes,4,950.0,,850.0,1000.0,1080.0,1000.0,950.0,850.0,DraftKings,1080.0,11.8,10.333333333333334,1.1419354838709677
Golden State Warriors @ Los Angeles Lakers,Gabe Vincent,Threes,3,475.0,,500.0,475.0,545.0,375.0,500.0,,DraftKings,545.0,6.45,5.65,1.1415929203539823
Golden State Warriors @ Los Angeles Lakers,Jonathan Kuminga,Points,20,350.0,,300.0,340.0,405.0,375.0,390.0,300.0,DraftKings,405.0,5.05,4.425,1.1412429378531073
Houston Rockets @ Oklahoma City Thunder,Jabari Smith Jr,Rebounds,4,-450.0,,-330.0,-1000.0,-700.0,-1000.0,-700.0,-300.0,HardRockBet,-300.0,1.3333333333333333,1.1684944684944683,1.1410694438727207
Golden State Warriors @ Los Angeles Lakers,Jonathan Kuminga,Threes,2,1000.0,,,,830.0,,,900.0,BetMGM,1000.0,11.0,9.65,1.1398963730569949
Houston Rockets @ Oklahoma City Thunder,Steven Adams,Rebounds,6,-160.0,,-160.0,-295.0,-248.0,-260.0,-250.0,-150.0,HardRockBet,-150.0,1.6666666666666665,1.462804040319076,1.1393642762315057
Golden State Warriors @ Los Angeles Lakers,Luka Doncic,Rebounds,6,-400.0,,-290.0,-850.0,-484.0,-600.0,-530.0,-650.0,Bovada,-290.0,1.3448275862068966,1.180575115811217,1.13912919914699
Golden State Warriors @ Los Angeles Lakers,Draymond Green,Points,15,550.0,,450.0,550.0,592.0,550.0,520.0,425.0,DraftKings,592.0,6.92,6.075,1.1390946502057613
Golden State Warriors @ Los Angeles Lakers,Jimmy Butler,Assists,4,-250.0,-375.0,-210.0,-500.0,-342.0,-450.0,-410.0,-220.0,Bovada,-210.0,1.4761904761904763,1.2971049204682068,1.1380655896807685
Golden State Warriors @ Los Angeles Lakers,Jonathan Kuminga,Rebounds,8,,,,700.0,730.0,650.0,600.0,575.0,DraftKings,730.0,8.3,7.3125,1.1350427350427352
Golden State Warriors @ Los Angeles Lakers,Austin Reaves,Points,30,390.0,295.0,350.0,360.0,415.0,350.0,360.0,375.0,DraftKings,415.0,5.15,4.542857142857144,1.1336477987421383
Houston Rockets @ Oklahoma City Thunder,Reed Sheppard,Threes,2,220.0,163.0,175.0,180.0,178.0,200.0,210.0,175.0,BetMGM,220.0,3.2,2.8300000000000005,1.1307420494699645
Golden State Warriors @ Los Angeles Lakers,Austin Reaves,Threes,7,,,2500.0,,,,2200.0,,Bovada,2500.0,26.0,23.0,1.1304347826086956
Houston Rockets @ Oklahoma City Thunder,Kevin Durant,Threes,1,-400.0,-295.0,-7000.0,-335.0,-1500.0,-300.0,-2200.0,-350.0,BetRivers,-295.0,1.3389830508474576,1.1848517154487301,1.1300849155966783
Houston Rockets @ Oklahoma City Thunder,Isaiah Hartenstein,Rebounds,8,,-200.0,,-240.0,-215.0,-225.0,-220.0,-155.0,HardRockBet,-155.0,1.6451612903225805,1.4561545689452668,1.1297985292277155
Golden State Warriors @ Los Angeles Lakers,Jimmy Butler,Rebounds,8,,295.0,,340.0,340.0,375.0,390.0,325.0,FanDuel,390.0,4.9,4.35,1.1264367816091956
Golden State Warriors @ Los Angeles Lakers,Brandin Podziemski,Points,20,500.0,330.0,400.0,450.0,456.0,450.0,470.0,475.0,BetMGM,500.0,6.0,5.33,1.125703564727955
Houston Rockets @ Oklahoma City Thunder,Shai Gilgeous-Alexander,Points,25,-800.0,-315.0,-575.0,-530.0,-498.0,-600.0,-520.0,-650.0,BetRivers,-315.0,1.3174603174603174,1.1716022877761711,1.1244944903282843
Houston Rockets @ Oklahoma City Thunder,Alperen Sengun,Points,30,1000.0,,800.0,,1040.0,1100.0,1000.0,1000.0,ESPNBET,1100.0,12.0,10.68,1.1235955056179776
Houston Rockets @ Oklahoma City Thunder,Isaiah Hartenstein,Points,15,250.0,200.0,250.0,245.0,290.0,250.0,260.0,275.0,DraftKings,290.0,3.9,3.4714285714285715,1.1234567901234567
Golden State Warriors @ Los Angeles Lakers,Deandre Ayton,Blocks,1,,-134.0,,,-158.0,,-210.0,,BetRivers,-134.0,1.7462686567164178,1.5545509342977697,1.1233267551347565
Houston Rockets @ Oklahoma City Thunder,Cason Wallace,Threes,2,525.0,,550.0,,581.0,375.0,,575.0,DraftKings,581.0,6.81,6.0625,1.1232989690721649
Houston Rockets @ Oklahoma City Thunder,Alperen Sengun,Assists,4,-350.0,,-310.0,-1250.0,-610.0,-900.0,-720.0,-350.0,Bovada,-310.0,1.3225806451612903,1.17756049960968,1.1231530317123233
Houston Rockets @ Oklahoma City Thunder,Shai Gilgeous-Alexander,Points,30,-235.0,-143.0,-180.0,-190.0,-190.0,-190.0,-180.0,-210.0,BetRivers,-143.0,1.6993006993006992,1.5131115529451795,1.1230505087302478
Houston Rockets @ Oklahoma City Thunder,Luguentz Dort,Points,15,310.0,285.0,360.0,350.0,348.0,375.0,390.0,400.0,HardRockBet,400.0,5.0,4.454285714285715,1.1225144323284155
Golden State Warriors @ Los Angeles Lakers,Luka Doncic,Points,45,,,750.0,900.0,970.0,1000.0,900.0,,ESPNBET,1000.0,11.0,9.8,1.1224489795918366
Houston Rockets @ Oklahoma City Thunder,Chet Holmgren,Threes,3,750.0,,750.0,800.0,830.0,900.0,830.0,,ESPNBET,900.0,10.0,8.919999999999998,1.1210762331838566
Houston Rockets @ Oklahoma City Thunder,Alperen Sengun,Blocks,1,,125.0,,,101.0,,,,BetRivers,125.0,2.25,2.01,1.119402985074627
Houston Rockets @ Oklahoma City Thunder,Jabari Smith Jr,Rebounds,8,,155.0,,205.0,197.0,210.0,230.0,210.0,FanDuel,230.0,3.3,2.9539999999999997,1.1171293161814488
Golden State Warriors @ Los Angeles Lakers,Rui Hachimura,Threes,3,550.0,,550.0,525.0,454.0,600.0,560.0,,ESPNBET,600.0,7.0,6.2780000000000005,1.1150047785919082
Houston Rockets @ Oklahoma City Thunder,Shai Gilgeous-Alexander,Points,40,310.0,285.0,295.0,260.0,293.0,320.0,340.0,300.0,FanDuel,340.0,4.4,3.947142857142857,1.1147303655446978
Golden State Warriors @ Los Angeles Lakers,Luka Doncic,Points,40,350.0,360.0,350.0,340.0,409.0,410.0,420.0,350.0,FanDuel,420.0,5.2,4.67,1.113490364025696
Houston Rockets @ Oklahoma City Thunder,Luguentz Dort,Threes,4,600.0,,800.0,800.0,890.0,900.0,800.0,900.0,ESPNBET,900.0,10.0,8.983333333333333,1.1131725417439704
Golden State Warriors @ Los Angeles Lakers,Stephen Curry,Threes,6,280.0,270.0,340.0,305.0,309.0,340.0,360.0,350.0,FanDuel,360.0,4.6,4.134285714285714,1.1126468555632343
Golden State Warriors @ Los Angeles Lakers,Buddy Hield,Threes,3,260.0,,290.0,290.0,330.0,285.0,310.0,,DraftKings,330.0,4.3,3.87,1.111111111111111
Golden State Warriors @ Los Angeles Lakers,Luka Doncic,Points,35,145.0,165.0,155.0,145.0,178.0,190.0,190.0,150.0,ESPNBET,190.0,2.9,2.6114285714285717,1.110503282275711
Golden State Warriors @ Los Angeles Lakers,Jimmy Butler,Points,20,115.0,112.0,145.0,120.0,152.0,140.0,148.0,110.0,DraftKings,152.0,2.52,2.2714285714285714,1.109433962264151
Houston Rockets @ Oklahoma City Thunder,Jabari Smith Jr,Threes,4,950.0,,1000.0,1200.0,1240.0,1200.0,1200.0,1100.0,DraftKings,1240.0,13.4,12.083333333333334,1.1089655172413793
Golden State Warriors @ Los Angeles Lakers,Jarred Vanderbilt,Points,15,,,,,4500.0,,,5000.0,HardRockBet,5000.0,51.0,46.0,1.108695652173913
Golden State Warriors @ Los Angeles Lakers,Stephen Curry,Assists,8,,,,360.0,370.0,410.0,430.0,375.0,FanDuel,430.0,5.3,4.7875,1.1070496083550914
Golden State Warriors @ Los Angeles Lakers,Deandre Ayton,Assists,4,,,,625.0,486.0,700.0,680.0,700.0,ESPNBET,700.0,8.0,7.2275,1.106883431338637
Houston Rockets @ Oklahoma City Thunder,Kevin Durant,Threes,3,200.0,225.0,235.0,220.0,223.0,250.0,260.0,,FanDuel,260.0,3.6,3.2550000000000003,1.1059907834101381
Golden State Warriors @ Los Angeles Lakers,Stephen Curry,Threes,5,140.0,150.0,175.0,160.0,169.0,180.0,190.0,,FanDuel,190.0,2.9,2.623333333333333,1.105463786531131
Golden State Warriors @ Los Angeles Lakers,Marcus Smart,Points,10,150.0,,,135.0,166.0,135.0,136.0,170.0,HardRockBet,170.0,2.7,2.444,1.1047463175122751
Golden State Warriors @ Los Angeles Lakers,Jimmy Butler,Steals,2,,290.0,,,325.0,,350.0,,FanDuel,350.0,4.5,4.075,1.1042944785276072
Houston Rockets @ Oklahoma City Thunder,Aaron Wiggins,Threes,2,190.0,,220.0,215.0,244.0,240.0,255.0,220.0,FanDuel,255.0,3.55,3.215,1.104199066874028
Houston Rockets @ Oklahoma City Thunder,Alex Caruso,Threes,2,310.0,,330.0,305.0,351.0,300.0,,300.0,DraftKings,351.0,4.51,4.09,1.1026894865525672
Golden State Warriors @ Los Angeles Lakers,Marcus Smart,Threes,2,500.0,,575.0,625.0,571.0,600.0,560.0,550.0,Caesars,625.0,7.25,6.593333333333334,1.0995955510616784
Golden State Warriors @ Los Angeles Lakers,Buddy Hield,Threes,2,105.0,,115.0,115.0,136.0,130.0,132.0,-110.0,DraftKings,136.0,2.3600000000000003,2.1465151515151515,1.0994564833768619
Houston Rockets @ Oklahoma City Thunder,Amen Thompson,Threes,1,105.0,,,,-105.0,,,120.0,HardRockBet,120.0,2.2,2.001190476190476,1.0993456276026177
Golden State Warriors @ Los Angeles Lakers,Stephen Curry,Threes,7,,,625.0,600.0,589.0,700.0,700.0,,ESPNBET,700.0,8.0,7.285,1.0981468771448182
Houston Rockets @ Oklahoma City Thunder,Jabari Smith Jr,Threes,2,155.0,150.0,165.0,155.0,180.0,175.0,190.0,170.0,FanDuel,190.0,2.9,2.642857142857143,1.0972972972972972
Houston Rockets @ Oklahoma City Thunder,Kevin Durant,Blocks,1,,-159.0,,,-178.0,,-245.0,,BetRivers,-159.0,1.6289308176100628,1.4849805090575556,1.096937507040995
Houston Rockets @ Oklahoma City Thunder,Jabari Smith Jr,Points,20,650.0,,525.0,550.0,530.0,650.0,600.0,650.0,BetMGM,650.0,7.5,6.841666666666666,1.0962241169305726
Golden State Warriors @ Los Angeles Lakers,Rui Hachimura,Points,15,155.0,143.0,140.0,140.0,154.0,165.0,172.0,140.0,FanDuel,172.0,2.7199999999999998,2.4814285714285718,1.0961427748992514
Golden State Warriors @ Los Angeles Lakers,Deandre Ayton,Steals,1,,-112.0,,,-139.0,,-136.0,,BetRivers,-112.0,1.8928571428571428,1.7273592890393568,1.0958097454698177
Golden State Warriors @ Los Angeles Lakers,Rui Hachimura,Threes,4,,,1200.0,,1080.0,1400.0,1400.0,1400.0,ESPNBET,1400.0,15.0,13.7,1.094890510948905
Houston Rockets @ Oklahoma City Thunder,Shai Gilgeous-Alexander,Rebounds,8,,,,700.0,740.0,800.0,750.0,700.0,ESPNBET,800.0,9.0,8.225,1.0942249240121582
Golden State Warriors @ Los Angeles Lakers,Austin Reaves,Points,25,140.0,128.0,140.0,125.0,159.0,135.0,144.0,145.0,DraftKings,159.0,2.59,2.367142857142857,1.0941460470730235
Houston Rockets @ Oklahoma City Thunder,Chet Holmgren,Steals,1,,-159.0,,,-133.0,,-174.0,,DraftKings,-133.0,1.7518796992481203,1.6018217306441118,1.0936795685395455
Golden State Warriors @ Los Angeles Lakers,Marcus Smart,Steals,1,,,,,-186.0,,-245.0,,DraftKings,-186.0,1.5376344086021505,1.4081632653061225,1.0919432756739909
Houston Rockets @ Oklahoma City Thunder,Amen Thompson,Points,20,220.0,205.0,225.0,215.0,261.0,250.0,260.0,240.0,DraftKings,261.0,3.61,3.307142857142857,1.0915766738660908
Houston Rockets @ Oklahoma City Thunder,Shai Gilgeous-Alexander,Assists,8,,155.0,,140.0,156.0,145.0,172.0,150.0,FanDuel,172.0,2.7199999999999998,2.492,1.0914927768860352
Golden State Warriors @ Los Angeles Lakers,Al Horford,Threes,2,340.0,265.0,305.0,305.0,352.0,320.0,340.0,325.0,DraftKings,352.0,4.52,4.142857142857143,1.0910344827586205
Houston Rockets @ Oklahoma City Thunder,Alex Caruso,Threes,3,850.0,,900.0,1000.0,990.0,900.0,,,Caesars,1000.0,11.0,10.1,1.0891089108910892
Houston Rockets @ Oklahoma City Thunder,Kevin Durant,Points,25,-125.0,-104.0,-115.0,-107.0,109.0,110.0,114.0,100.0,FanDuel,114.0,2.1399999999999997,1.9650975883117288,1.08900444065912
Houston Rockets @ Oklahoma City Thunder,Alperen Sengun,Rebounds,6,-650.0,,-475.0,-2000.0,-740.0,-1100.0,-800.0,-850.0,Bovada,-475.0,1.2105263157894737,1.112089573118985,1.0885151205890828
Houston Rockets @ Oklahoma City Thunder,Luguentz Dort,Threes,3,250.0,,350.0,305.0,356.0,340.0,350.0,,DraftKings,356.0,4.5600000000000005,4.19,1.0883054892601431
Golden State Warriors @ Los Angeles Lakers,Rui Hachimura,Rebounds,12,,,3000.0,,,2500.0,,3000.0,Bovada,3000.0,31.0,28.5,1.087719298245614
Golden State Warriors @ Los Angeles Lakers,Al Horford,Threes,3,950.0,,800.0,1000.0,1020.0,1000.0,900.0,,DraftKings,1020.0,11.2,10.3,1.087378640776699
Houston Rockets @ Oklahoma City Thunder,Tari Eason,Threes,2,425.0,,525.0,475.0,504.0,450.0,470.0,525.0,Bovada,525.0,6.25,5.748333333333332,1.087271672948681
Golden State Warriors @ Los Angeles Lakers,Luka Doncic,Assists,6,-325.0,-455.0,-300.0,-750.0,-420.0,-600.0,-530.0,-300.0,Bovada,-300.0,1.3333333333333333,1.2267971920263026,1.086840874758659
Houston Rockets @ Oklahoma City Thunder,Chet Holmgren,Rebounds,6,-250.0,-265.0,-240.0,-460.0,-341.0,-375.0,-350.0,-230.0,HardRockBet,-230.0,1.434782608695652,1.3224360779894704,1.084954223932687
Golden State Warriors @ Los Angeles Lakers,Al Horford,Points,10,155.0,150.0,195.0,170.0,191.0,200.0,200.0,175.0,ESPNBET,200.0,3.0,2.7657142857142856,1.084710743801653
Houston Rockets @ Oklahoma City Thunder,Jabari Smith Jr,Threes,3,400.0,,425.0,400.0,453.0,450.0,470.0,,FanDuel,470.0,5.7,5.256,1.0844748858447488
Golden State Warriors @ Los Angeles Lakers,Marcus Smart,Rebounds,4,,,,,442.0,,,400.0,DraftKings,442.0,5.42,5.0,1.084
Houston Rockets @ Oklahoma City Thunder,Alperen Sengun,Points,25,310.0,300.0,315.0,305.0,342.0,350.0,360.0,350.0,FanDuel,360.0,4.6,4.2457142857142856,1.0834454912516824
Houston Rockets @ Oklahoma City Thunder,Chet Holmgren,Points,15,-275.0,-167.0,-230.0,-213.0,-188.0,-190.0,-180.0,-220.0,BetRivers,-167.0,1.5988023952095807,1.4766048905141214,1.0827557225907012
Golden State Warriors @ Los Angeles Lakers,Rui Hachimura,Threes,2,210.0,210.0,210.0,195.0,184.0,225.0,230.0,200.0,FanDuel,230.0,3.3,3.0485714285714285,1.0824742268041236
Golden State Warriors @ Los Angeles Lakers,Brandin Podziemski,Threes,2,155.0,135.0,150.0,145.0,164.0,165.0,172.0,145.0,FanDuel,172.0,2.7199999999999998,2.5128571428571433,1.0824332006822055
Houston Rockets @ Oklahoma City Thunder,Chet Holmgren,Points,10,-2000.0,-590.0,-2500.0,-1200.0,-880.0,-1200.0,-950.0,-1100.0,BetRivers,-590.0,1.1694915254237288,1.080925039872408,1.0819358255978373
Golden State Warriors @ Los Angeles Lakers,Stephen Curry,Points,30,155.0,133.0,145.0,140.0,153.0,160.0,162.0,170.0,HardRockBet,170.0,2.7,2.4971428571428573,1.0812356979405033
Houston Rockets @ Oklahoma City Thunder,Amen Thompson,Rebounds,4,-900.0,,-600.0,-850.0,-1240.0,-3000.0,-1800.0,-1300.0,Bovada,-600.0,1.1666666666666667,1.0792025495061548,1.0810451357815414
Golden State Warriors @ Los Angeles Lakers,Austin Reaves,Threes,3,155.0,128.0,140.0,130.0,141.0,135.0,142.0,,BetMGM,155.0,2.55,2.36,1.0805084745762712
Houston Rockets @ Oklahoma City Thunder,Alex Caruso,Points,10,-115.0,,110.0,-113.0,101.0,-105.0,100.0,-105.0,Bovada,110.0,2.1,1.9448804790609333,1.0797578682130455
Houston Rockets @ Oklahoma City Thunder,Shai Gilgeous-Alexander,Blocks,1,,-148.0,,,-159.0,,-210.0,,BetRivers,-148.0,1.6756756756756757,1.5525606469002695,1.079298048048048
Houston Rockets @ Oklahoma City Thunder,Steven Adams,Rebounds,4,-650.0,,-700.0,-800.0,-990.0,-1600.0,-1100.0,-500.0,HardRockBet,-500.0,1.2,1.1126870814370815,1.0784703264912092
Houston Rockets @ Oklahoma City Thunder,Isaiah Hartenstein,Rebounds,6,-600.0,,-450.0,-1450.0,-650.0,-1200.0,-900.0,-450.0,Bovada,-450.0,1.2222222222222223,1.1343575007368112,1.0774576986781852
Golden State Warriors @ Los Angeles Lakers,Brandin Podziemski,Threes,3,400.0,,375.0,370.0,439.0,425.0,440.0,,FanDuel,440.0,5.4,5.018,1.076125946592268
Golden State Warriors @ Los Angeles Lakers,Austin Reaves,Steals,1,,-167.0,,,-201.0,,-210.0,,BetRivers,-167.0,1.5988023952095807,1.4868514570007108,1.0752939627437286
Houston Rockets @ Oklahoma City Thunder,Alperen Sengun,Points,20,-105.0,114.0,110.0,105.0,117.0,120.0,126.0,110.0,FanDuel,126.0,2.26,2.1017687074829934,1.075284826514759
Houston Rockets @ Oklahoma City Thunder,Tari Eason,Points,15,310.0,,240.0,275.0,319.0,300.0,320.0,300.0,FanDuel,320.0,4.2,3.9066666666666663,1.0750853242320821
Golden State Warriors @ Los Angeles Lakers,Jonathan Kuminga,Points,15,-105.0,,-105.0,-104.0,111.0,110.0,116.0,100.0,FanDuel,116.0,2.16,2.012716727716728,1.0731763542554513
Houston Rockets @ Oklahoma City Thunder,Alex Caruso,Points,15,375.0,,400.0,400.0,433.0,410.0,420.0,375.0,DraftKings,433.0,5.33,4.966666666666667,1.0731543624161073
Houston Rockets @ Oklahoma City Thunder,Cason Wallace,Points,10,165.0,,,,149.0,,,145.0,BetMGM,165.0,2.65,2.47,1.0728744939271253
Golden State Warriors @ Los Angeles Lakers,Stephen Curry,Points,25,-175.0,-155.0,-180.0,-162.0,-158.0,-180.0,-160.0,-140.0,HardRockBet,-140.0,1.7142857142857144,1.600413759412087,1.0711515720256355
Houston Rockets @ Oklahoma City Thunder,Steven Adams,Rebounds,8,,,,115.0,112.0,120.0,128.0,105.0,FanDuel,128.0,2.2800000000000002,2.13,1.0704225352112677
Houston Rockets @ Oklahoma City Thunder,Chet Holmgren,Blocks,2,,170.0,,,180.0,,194.0,,FanDuel,194.0,2.94,2.75,1.069090909090909
Golden State Warriors @ Los Angeles Lakers,Jimmy Butler,Rebounds,12,,,3000.0,,2900.0,2500.0,,3000.0,Bovada,3000.0,31.0,29.0,1.0689655172413792
Golden State Warriors @ Los Angeles Lakers,Luka Doncic,Threes,3,-125.0,-113.0,-115.0,-121.0,-112.0,-105.0,100.0,,FanDuel,100.0,2.0,1.8710342243055873,1.0689275343118199
Golden State Warriors @ Los Angeles Lakers,Luka Doncic,Points,20,,,-5000.0,-2000.0,-870.0,-2500.0,-1600.0,,DraftKings,-870.0,1.1149425287356323,1.043125,1.0688484397705282
Houston Rockets @ Oklahoma City Thunder,Aaron Wiggins,Points,15,195.0,,165.0,170.0,190.0,180.0,186.0,165.0,BetMGM,195.0,2.95,2.76,1.068840579710145
Golden State Warriors @ Los Angeles Lakers,Austin Reaves,Blocks,1,,180.0,,,162.0,,,,BetRivers,180.0,2.8,2.62,1.0687022900763357
Golden State Warriors @ Los Angeles Lakers,Brandin Podziemski,Points,10,-325.0,-245.0,-350.0,-310.0,-326.0,-300.0,-295.0,-300.0,BetRivers,-245.0,1.4081632653061225,1.3183407746199536,1.0681329838349745
Golden State Warriors @ Los Angeles Lakers,Stephen Curry,Threes,4,-150.0,-117.0,-115.0,-122.0,-115.0,-110.0,-105.0,-120.0,FanDuel,-105.0,1.9523809523809523,1.8317991899602735,1.0658269547675114
Houston Rockets @ Oklahoma City Thunder,Shai Gilgeous-Alexander,Assists,4,-600.0,,-550.0,-590.0,-1020.0,-2000.0,-1100.0,-500.0,HardRockBet,-500.0,1.2,1.1261541134173239,1.065573517605499
Golden State Warriors @ Los Angeles Lakers,Luka Doncic,Points,25,-550.0,-305.0,-450.0,-390.0,-307.0,-400.0,-370.0,-450.0,BetRivers,-305.0,1.3278688524590163,1.2469537217094222,1.0648902435919347
Golden State Warriors @ Los Angeles Lakers,Al Horford,Steals,1,,-106.0,,,-121.0,,,,BetRivers,-106.0,1.9433962264150944,1.8264462809917354,1.0640314180824726
Golden State Warriors @ Los Angeles Lakers,Gabe Vincent,Threes,2,180.0,,200.0,180.0,210.0,180.0,210.0,200.0,DraftKings,210.0,3.1,2.9166666666666665,1.062857142857143
Houston Rockets @ Oklahoma City Thunder,Alperen Sengun,Points,15,-450.0,-250.0,-310.0,-310.0,-267.0,-300.0,-295.0,-325.0,BetRivers,-250.0,1.4,1.3174177199462704,1.0626849622586658
Golden State Warriors @ Los Angeles Lakers,Luka Doncic,Threes,7,,,1400.0,,1600.0,1600.0,1500.0,,DraftKings,1600.0,17.0,16.0,1.0625
Houston Rockets @ Oklahoma City Thunder,Shai Gilgeous-Alexander,Points,35,120.0,140.0,130.0,120.0,126.0,140.0,142.0,120.0,FanDuel,142.0,2.42,2.2800000000000002,1.0614035087719296
Golden State Warriors @ Los Angeles Lakers,Deandre Ayton,Points,15,115.0,-103.0,-105.0,-102.0,111.0,100.0,102.0,115.0,BetMGM,115.0,2.15,2.0262352708073523,1.0610811246728193
Golden State Warriors @ Los Angeles Lakers,Jarred Vanderbilt,Assists,4,,,,,1860.0,,,1750.0,DraftKings,1860.0,19.6,18.5,1.0594594594594595
Golden State Warriors @ Los Angeles Lakers,Brandin Podziemski,Points,15,140.0,128.0,125.0,120.0,126.0,135.0,144.0,140.0,FanDuel,144.0,2.44,2.305714285714285,1.0582403965303595
Houston Rockets @ Oklahoma City Thunder,Luguentz Dort,Steals,1,,-385.0,,,-269.0,,-300.0,,DraftKings,-269.0,1.3717472118959106,1.2965367965367967,1.0580087009948425
Golden State Warriors @ Los Angeles Lakers,Luka Doncic,Points,30,-175.0,-130.0,-150.0,-152.0,-127.0,-130.0,-130.0,-160.0,DraftKings,-127.0,1.7874015748031495,1.6898117546613787,1.05775188855952
Golden State Warriors @ Los Angeles Lakers,Gabe Vincent,Points,10,185.0,,,145.0,171.0,190.0,190.0,180.0,ESPNBET,190.0,2.9,2.742,1.0576221735959153
Houston Rockets @ Oklahoma City Thunder,Kevin Durant,Threes,2,-125.0,100.0,-105.0,-110.0,-107.0,100.0,104.0,-110.0,FanDuel,104.0,2.04,1.929306029973587,1.0573750189480975
Houston Rockets @ Oklahoma City Thunder,Aaron Wiggins,Assists,4,,,,575.0,600.0,,,550.0,DraftKings,600.0,7.0,6.625,1.0566037735849056
Golden State Warriors @ Los Angeles Lakers,Stephen Curry,Points,20,-550.0,-360.0,-650.0,-460.0,-424.0,-475.0,-460.0,-400.0,BetRivers,-360.0,1.2777777777777777,1.209546045250462,1.0564110252728633
Golden State Warriors @ Los Angeles Lakers,Austin Reaves,Points,20,-220.0,-190.0,-210.0,-213.0,-177.0,-210.0,-200.0,-210.0,DraftKings,-177.0,1.5649717514124295,1.482702320095098,1.0554861418926322
Houston Rockets @ Oklahoma City Thunder,Jabari Smith Jr,Points,10,-235.0,-240.0,-250.0,-245.0,-203.0,-250.0,-250.0,-220.0,DraftKings,-203.0,1.4926108374384237,1.4149867573445518,1.0548585205415957
Golden State Warriors @ Los Angeles Lakers,Deandre Ayton,Rebounds,6,-1200.0,,-1900.0,-2500.0,-1280.0,,-2200.0,-850.0,HardRockBet,-850.0,1.1176470588235294,1.0599088915470491,1.054474651299703
Houston Rockets @ Oklahoma City Thunder,Luguentz Dort,Threes,2,-105.0,132.0,135.0,125.0,136.0,135.0,140.0,135.0,FanDuel,140.0,2.4,2.2760544217687078,1.0544563333134076
Houston Rockets @ Oklahoma City Thunder,Jabari Smith Jr,Points,15,180.0,135.0,165.0,160.0,164.0,175.0,180.0,180.0,BetMGM,180.0,2.8,2.6557142857142857,1.0543302850995158
Houston Rockets @ Oklahoma City Thunder,Luguentz Dort,Points,10,-135.0,-113.0,-105.0,-118.0,-116.0,-105.0,-102.0,-110.0,FanDuel,-102.0,1.9803921568627452,1.8784394142059757,1.054275236074018
Houston Rockets @ Oklahoma City Thunder,Chet Holmgren,Rebounds,8,,-103.0,,-120.0,-104.0,-115.0,-102.0,-130.0,FanDuel,-102.0,1.9803921568627452,1.880908313580327,1.052891383681031
Golden State Warriors @ Los Angeles Lakers,Deandre Ayton,Rebounds,8,,-385.0,,-800.0,-365.0,-450.0,-430.0,-475.0,DraftKings,-365.0,1.273972602739726,1.2100093874573679,1.0528617512767948
Houston Rockets @ Oklahoma City Thunder,Reed Sheppard,Points,10,105.0,104.0,125.0,110.0,127.0,115.0,126.0,125.0,DraftKings,127.0,2.27,2.157142857142857,1.052317880794702
Golden State Warriors @ Los Angeles Lakers,Stephen Curry,Steals,1,,-305.0,,,-239.0,,-270.0,,DraftKings,-239.0,1.4184100418410042,1.3491196114146933,1.0513597384843087
Golden State Warriors @ Los Angeles Lakers,Austin Reaves,Points,15,-1000.0,-560.0,-1100.0,-850.0,-597.0,-1000.0,-720.0,-750.0,BetRivers,-560.0,1.1785714285714286,1.121183222794219,1.0511853946888239
Houston Rockets @ Oklahoma City Thunder,Isaiah Hartenstein,Rebounds,4,,,-10000.0,,-1360.0,-3000.0,,,DraftKings,-1360.0,1.0735294117647058,1.0216666666666667,1.0507628826408213
Houston Rockets @ Oklahoma City Thunder,Kevin Durant,Points,15,,,-4000.0,-1700.0,-860.0,-1600.0,-1200.0,-1200.0,DraftKings,-860.0,1.1162790697674418,1.0625980392156862,1.0505186614040602
Houston Rockets @ Oklahoma City Thunder,Amen Thompson,Rebounds,8,,102.0,,115.0,115.0,120.0,124.0,115.0,FanDuel,124.0,2.24,2.134,1.0496719775070291
Houston Rockets @ Oklahoma City Thunder,Kevin Durant,Points,20,-400.0,-250.0,-350.0,-295.0,-257.0,-275.0,-265.0,-300.0,BetRivers,-250.0,1.4,1.3340186546376054,1.049460586726442
Golden State Warriors @ Los Angeles Lakers,Draymond Green,Points,10,115.0,107.0,120.0,105.0,125.0,120.0,124.0,110.0,DraftKings,125.0,2.25,2.1442857142857146,1.0493004663557628
Houston Rockets @ Oklahoma City Thunder,Amen Thompson,Points,15,-165.0,-141.0,-145.0,-150.0,-128.0,-130.0,-132.0,-145.0,DraftKings,-128.0,1.78125,1.6982948575024877,1.0488461365416286
Golden State Warriors @ Los Angeles Lakers,Jimmy Butler,Points,15,-350.0,-250.0,-230.0,-280.0,-230.0,-260.0,-260.0,-300.0,Bovada,-230.0,1.434782608695652,1.3686005505881285,1.048357468568227
Golden State Warriors @ Los Angeles Lakers,Jimmy Butler,Points,10,,,-2500.0,,-1100.0,-3000.0,-2000.0,,DraftKings,-1100.0,1.0909090909090908,1.041111111111111,1.0478315707771417
Houston Rockets @ Oklahoma City Thunder,Reed Sheppard,Assists,8,,,,,2100.0,,,2000.0,DraftKings,2100.0,22.0,21.0,1.0476190476190477
Golden State Warriors @ Los Angeles Lakers,Buddy Hield,Points,10,-120.0,,-115.0,-113.0,-106.0,-105.0,-102.0,100.0,HardRockBet,100.0,2.0,1.9106706064326364,1.0467529009273597
Golden State Warriors @ Los Angeles Lakers,Stephen Curry,Threes,2,-1100.0,,-850.0,-950.0,-577.0,-900.0,-670.0,-650.0,DraftKings,-577.0,1.173310225303293,1.1213383839879842,1.0463480444952518
Houston Rockets @ Oklahoma City Thunder,Isaiah Hartenstein,Points,10,-210.0,-177.0,-160.0,-170.0,-191.0,-170.0,-170.0,-180.0,Bovada,-160.0,1.625,1.554997696419355,1.0450176252619776
Houston Rockets @ Oklahoma City Thunder,Alperen Sengun,Rebounds,4,,,-20000.0,,-1560.0,-3000.0,,,DraftKings,-1560.0,1.064102564102564,1.0191666666666666,1.0440908233222217
Houston Rockets @ Oklahoma City Thunder,Aaron Wiggins,Points,10,-220.0,,-250.0,-235.0,-200.0,-225.0,-215.0,-230.0,DraftKings,-200.0,1.5,1.4374034502748225,1.0435483508219001
Houston Rockets @ Oklahoma City Thunder,Amen Thompson,Points,10,-1100.0,-560.0,-850.0,-750.0,-586.0,-900.0,-670.0,-750.0,BetRivers,-560.0,1.1785714285714286,1.129462303288215,1.043480092376914
Golden State Warriors @ Los Angeles Lakers,Buddy Hield,Points,15,333.0,,330.0,340.0,350.0,320.0,340.0,325.0,DraftKings,350.0,4.5,4.3133333333333335,1.0432766615146831
Golden State Warriors @ Los Angeles Lakers,Luka Doncic,Threes,1,-1200.0,,-1400.0,-1450.0,-760.0,-1200.0,-900.0,-1100.0,DraftKings,-760.0,1.131578947368421,1.0848468262261366,1.043077160768264
Golden State Warriors @ Los Angeles Lakers,Luka Doncic,Steals,1,,-375.0,,,-484.0,,-450.0,,BetRivers,-375.0,1.2666666666666666,1.214416896235078,1.043024574669187
Houston Rockets @ Oklahoma City Thunder,Kevin Durant,Threes,5,,,1100.0,,1220.0,1200.0,1200.0,,DraftKings,1220.0,13.2,12.666666666666666,1.0421052631578946
Golden State Warriors @ Los Angeles Lakers,Rui Hachimura,Rebounds,8,,,,360.0,365.0,340.0,360.0,325.0,DraftKings,365.0,4.65,4.4625,1.0420168067226891
Houston Rockets @ Oklahoma City Thunder,Alperen Sengun,Points,10,,,-7000.0,,-1320.0,-3000.0,-2000.0,,DraftKings,-1320.0,1.0757575757575757,1.0325396825396824,1.0418559150303963
Houston Rockets @ Oklahoma City Thunder,Chet Holmgren,Threes,2,270.0,,290.0,270.0,292.0,285.0,300.0,300.0,FanDuel,300.0,4.0,3.845,1.0403120936280883
Golden State Warriors @ Los Angeles Lakers,Rui Hachimura,Points,10,-285.0,-240.0,-310.0,-260.0,-236.0,-250.0,-250.0,-325.0,DraftKings,-236.0,1.423728813559322,1.3689188853025869,1.040038842947674
Houston Rockets @ Oklahoma City Thunder,Amen Thompson,Blocks,1,,-275.0,,,-289.0,,-360.0,,BetRivers,-275.0,1.3636363636363638,1.3118992695117262,1.0394367885759197
Golden State Warriors @ Los Angeles Lakers,Austin Reaves,Threes,2,-160.0,-180.0,-180.0,-176.0,-171.0,-180.0,-178.0,-175.0,BetMGM,-160.0,1.625,1.5646957329604958,1.0385405710319189
Houston Rockets @ Oklahoma City Thunder,Amen Thompson,Steals,1,,-315.0,,,-348.0,,-400.0,,BetRivers,-315.0,1.3174603174603174,1.2686781609195403,1.0384511675564903
Golden State Warriors @ Los Angeles Lakers,Luka Doncic,Assists,8,,-150.0,,-162.0,-139.0,-150.0,-142.0,-160.0,DraftKings,-139.0,1.7194244604316546,1.6559685272126585,1.0383195285273965
Golden State Warriors @ Los Angeles Lakers,Luka Doncic,Rebounds,4,,,-1900.0,,-1020.0,-2000.0,,-1400.0,DraftKings,-1020.0,1.0980392156862746,1.0580200501253134,1.0378245814493037
Houston Rockets @ Oklahoma City Thunder,Tari Eason,Assists,4,,,,,960.0,,,1000.0,HardRockBet,1000.0,11.0,10.6,1.0377358490566038
Golden State Warriors @ Los Angeles Lakers,Austin Reaves,Threes,5,,,675.0,650.0,660.0,650.0,630.0,,Bovada,675.0,7.75,7.4750000000000005,1.0367892976588629
Golden State Warriors @ Los Angeles Lakers,Austin Reaves,Threes,1,-525.0,,-625.0,-675.0,-481.0,-700.0,-560.0,-575.0,DraftKings,-481.0,1.207900207900208,1.165660992255195,1.0362362778935348
Golden State Warriors @ Los Angeles Lakers,Stephen Curry,Threes,3,-350.0,-240.0,-260.0,-290.0,-239.0,-260.0,-250.0,,DraftKings,-239.0,1.4184100418410042,1.3694065513031033,1.0357844721067457
Houston Rockets @ Oklahoma City Thunder,Shai Gilgeous-Alexander,Points,20,,,-25000.0,-2500.0,-1620.0,,-3000.0,,DraftKings,-1620.0,1.0617283950617284,1.025777777777778,1.0350471788946658
Houston Rockets @ Oklahoma City Thunder,Tari Eason,Points,10,-150.0,,-165.0,-141.0,-135.0,-130.0,-130.0,-130.0,ESPNBET,-130.0,1.7692307692307692,1.7101915683475966,1.0345219810317605
Golden State Warriors @ Los Angeles Lakers,Luka Doncic,Threes,2,-325.0,-275.0,-300.0,-295.0,-255.0,-260.0,-260.0,-325.0,DraftKings,-255.0,1.392156862745098,1.345795447490363,1.0344490801638464
Golden State Warriors @ Los Angeles Lakers,Draymond Green,Steals,1,,-435.0,,,-373.0,,-450.0,,DraftKings,-373.0,1.2680965147453083,1.2260536398467434,1.0342912198391419
Golden State Warriors @ Los Angeles Lakers,Jonathan Kuminga,Points,10,-550.0,,-550.0,-420.0,-384.0,-425.0,-390.0,-375.0,HardRockBet,-375.0,1.2666666666666666,1.2256421070759307,1.0334718914713286
Houston Rockets @ Oklahoma City Thunder,Chet Holmgren,Rebounds,4,-1400.0,,-1400.0,-1250.0,-1680.0,-1000.0,-2500.0,-950.0,HardRockBet,-950.0,1.1052631578947367,1.0703968253968255,1.032573277190901
Golden State Warriors @ Los Angeles Lakers,Luka Doncic,Rebounds,8,,-177.0,,-176.0,-157.0,-160.0,-154.0,-165.0,FanDuel,-154.0,1.6493506493506493,1.600231370162818,1.0306951107844071
Houston Rockets @ Oklahoma City Thunder,Amen Thompson,Steals,2,,,,,415.0,,400.0,,DraftKings,415.0,5.15,5.0,1.03
Golden State Warriors @ Los Angeles Lakers,Deandre Ayton,Points,10,-550.0,-420.0,-550.0,-440.0,-434.0,-500.0,-500.0,-425.0,BetRivers,-420.0,1.2380952380952381,1.2080882792999899,1.024838382516744
Houston Rockets @ Oklahoma City Thunder,Shai Gilgeous-Alexander,Steals,2,,265.0,,,253.0,,260.0,,BetRivers,265.0,3.65,3.565,1.023842917251052
Golden State Warriors @ Los Angeles Lakers,Rui Hachimura,Blocks,1,,155.0,,,161.0,,,,DraftKings,161.0,2.6100000000000003,2.55,1.023529411764706
Golden State Warriors @ Los Angeles Lakers,Stephen Curry,Points,15,,,,-2500.0,-1380.0,,-2500.0,-1400.0,DraftKings,-1380.0,1.0724637681159421,1.0504761904761903,1.0209310575899722
Houston Rockets @ Oklahoma City Thunder,Amen Thompson,Threes,2,,,,,1960.0,,,2000.0,HardRockBet,2000.0,21.0,20.6,1.0194174757281553
Golden State Warriors @ Los Angeles Lakers,Luka Doncic,Assists,4,-2000.0,,-2500.0,,-1680.0,-1600.0,,-1400.0,HardRockBet,-1400.0,1.0714285714285714,1.0530059523809523,1.0174952658206382
Golden State Warriors @ Los Angeles Lakers,Buddy Hield,Assists,4,,,,,1220.0,,,1200.0,DraftKings,1220.0,13.2,13.0,1.0153846153846153
Houston Rockets @ Oklahoma City Thunder,Luguentz Dort,Assists,4,,,,,1220.0,,,1200.0,DraftKings,1220.0,13.2,13.0,1.0153846153846153
Houston Rockets @ Oklahoma City Thunder,Alperen Sengun,Rebounds,16,,,,,1420.0,1400.0,1400.0,,DraftKings,1420.0,15.2,15.0,1.0133333333333332
Houston Rockets @ Oklahoma City Thunder,Isaiah Hartenstein,Rebounds,16,,,,,1420.0,1400.0,1400.0,,DraftKings,1420.0,15.2,15.0,1.0133333333333332
Golden State Warriors @ Los Angeles Lakers,Jarred Vanderbilt,Points,10,,,,,690.0,,,700.0,HardRockBet,700.0,8.0,7.9,1.0126582278481011
Houston Rockets @ Oklahoma City Thunder,Alperen Sengun,Steals,1,,-275.0,,,-269.0,,-270.0,,DraftKings,-269.0,1.3717472118959106,1.367003367003367,1.003470251066713
Houston Rockets @ Oklahoma City Thunder,Aaron Wiggins,Points,30,,,3000.0,,,,,3000.0,Bovada,3000.0,31.0,31.0,1.0
Houston Rockets @ Oklahoma City Thunder,Alex Caruso,Rebounds,8,,,,,,2000.0,,2000.0,ESPNBET,2000.0,21.0,21.0,1.0
Golden State Warriors @ Los Angeles Lakers,Stephen Curry,Rebounds,10,,,,,,2000.0,2000.0,,ESPNBET,2000.0,21.0,21.0,1.0
Houston Rockets @ Oklahoma City Thunder,Luguentz Dort,Rebounds,8,,,,,1400.0,1400.0,1400.0,1400.0,DraftKings,1400.0,15.0,15.0,1.0
Houston Rockets @ Oklahoma City Thunder,Kevin Durant,Rebounds,12,,,3000.0,,,,,3000.0,Bovada,3000.0,31.0,31.0,1.0
Golden State Warriors @ Los Angeles Lakers,Al Horford,Points,25,,,4000.0,,,,,,Bovada,4000.0,41.0,,
Golden State Warriors @ Los Angeles Lakers,Al Horford,Rebounds,14,,,5000.0,,,,,,Bovada,5000.0,51.0,,
Golden State Warriors @ Los Angeles Lakers,Al Horford,Threes,5,,,3500.0,,,,,,Bovada,3500.0,36.0,,
Golden State Warriors @ Los Angeles Lakers,Al Horford,Threes,6,,,5000.0,,,,,,Bovada,5000.0,51.0,,
Golden State Warriors @ Los Angeles Lakers,Austin Reaves,Points,10,,,,,,,-7000.0,,FanDuel,-7000.0,1.0142857142857142,,
Golden State Warriors @ Los Angeles Lakers,Austin Reaves,Points,45,,,3000.0,,,,,,Bovada,3000.0,31.0,,
Golden State Warriors @ Los Angeles Lakers,Austin Reaves,Points,50,,,4500.0,,,,,,Bovada,4500.0,46.0,,
Golden State Warriors @ Los Angeles Lakers,Austin Reaves,Rebounds,12,,,,,1920.0,,,,DraftKings,1920.0,20.2,,
Golden State Warriors @ Los Angeles Lakers,Austin Reaves,Steals,2,,,,,,,750.0,,FanDuel,750.0,8.5,,
Golden State Warriors @ Los Angeles Lakers,Brandin Podziemski,Assists,10,,,3500.0,,,,,,Bovada,3500.0,36.0,,
Golden State Warriors @ Los Angeles Lakers,Brandin Podziemski,Blocks,1,,,,,302.0,,,,DraftKings,302.0,4.02,,
Golden State Warriors @ Los Angeles Lakers,Brandin Podziemski,Points,35,,,4000.0,,,,,,Bovada,4000.0,41.0,,
Golden State Warriors @ Los Angeles Lakers,Brandin Podziemski,Steals,2,,,,,,,470.0,,FanDuel,470.0,5.7,,
Golden State Warriors @ Los Angeles Lakers,Brandin Podziemski,Threes,7,,,4500.0,,,,,,Bovada,4500.0,46.0,,
Golden State Warriors @ Los Angeles Lakers,Buddy Hield,Blocks,1,,,,,339.0,,,,DraftKings,339.0,4.390000000000001,,
Golden State Warriors @ Los Angeles Lakers,Buddy Hield,Points,30,,,4500.0,,,,,,Bovada,4500.0,46.0,,
Golden State Warriors @ Los Angeles Lakers,Buddy Hield,Rebounds,8,,,,,,,,2000.0,HardRockBet,2000.0,21.0,,
Golden State Warriors @ Los Angeles Lakers,Buddy Hield,Steals,1,,,,,-123.0,,,,DraftKings,-123.0,1.8130081300813008,,
Golden State Warriors @ Los Angeles Lakers,Buddy Hield,Threes,7,,,4000.0,,,,,,Bovada,4000.0,41.0,,
Golden State Warriors @ Los Angeles Lakers,Deandre Ayton,Blocks,2,,,,,,,680.0,,FanDuel,680.0,7.8,,
Golden State Warriors @ Los Angeles Lakers,Deandre Ayton,Points,35,,,3500.0,,,,,,Bovada,3500.0,36.0,,
Golden State Warriors @ Los Angeles Lakers,Deandre Ayton,Rebounds,4,,,-7000.0,,,,,,Bovada,-7000.0,1.0142857142857142,,
Golden State Warriors @ Los Angeles Lakers,Draymond Green,Blocks,2,,,,,,,640.0,,FanDuel,640.0,7.4,,
Golden State Warriors @ Los Angeles Lakers,Draymond Green,Points,25,,,3000.0,,,,,,Bovada,3000.0,31.0,,
Golden State Warriors @ Los Angeles Lakers,Draymond Green,Points,30,,,5000.0,,,,,,Bovada,5000.0,51.0,,
Golden State Warriors @ Los Angeles Lakers,Draymond Green,Rebounds,14,,,4000.0,,,,,,Bovada,4000.0,41.0,,
Golden State Warriors @ Los Angeles Lakers,Draymond Green,Steals,3,,,,,,,880.0,,FanDuel,880.0,9.8,,
Golden State Warriors @ Los Angeles Lakers,Draymond Green,Threes,5,,,4000.0,,,,,,Bovada,4000.0,41.0,,
Golden State Warriors @ Los Angeles Lakers,Gabe Vincent,Assists,6,,,,,,,,2000.0,HardRockBet,2000.0,21.0,,
Golden State Warriors @ Los Angeles Lakers,Gabe Vincent,Blocks,1,,,,,351.0,,,,DraftKings,351.0,4.51,,
Golden State Warriors @ Los Angeles Lakers,Gabe Vincent,Rebounds,6,,,,,,,,2000.0,HardRockBet,2000.0,21.0,,
Golden State Warriors @ Los Angeles Lakers,Gabe Vincent,Steals,1,,,,,-154.0,,,,DraftKings,-154.0,1.6493506493506493,,
Golden State Warriors @ Los Angeles Lakers,Gabe Vincent,Threes,6,,,4000.0,,,,,,Bovada,4000.0,41.0,,
Golden State Warriors @ Los Angeles Lakers,Jake LaRavia,Blocks,1,,,,,273.0,,,,DraftKings,273.0,3.73,,
Golden State Warriors @ Los Angeles Lakers,Jake LaRavia,Points,20,,,,,4800.0,,,,DraftKings,4800.0,49.0,,
Golden State Warriors @ Los Angeles Lakers,Jake LaRavia,Rebounds,8,,,,,,,,2000.0,HardRockBet,2000.0,21.0,,
Golden State Warriors @ Los Angeles Lakers,Jake LaRavia,Steals,1,,,,,-130.0,,,,DraftKings,-130.0,1.7692307692307692,,
Golden State Warriors @ Los Angeles Lakers,Jake LaRavia,Threes,3,,,,,2200.0,,,,DraftKings,2200.0,23.0,,
Golden State Warriors @ Los Angeles Lakers,Jarred Vanderbilt,Blocks,1,,,,,224.0,,,,DraftKings,224.0,3.24,,
Golden State Warriors @ Los Angeles Lakers,Jarred Vanderbilt,Steals,1,,,,,-150.0,,,,DraftKings,-150.0,1.6666666666666665,,
Golden State Warriors @ Los Angeles Lakers,Jimmy Butler,Assists,14,,,4500.0,,,,,,Bovada,4500.0,46.0,,
Golden State Warriors @ Los Angeles Lakers,Jimmy Butler,Blocks,1,,,,,194.0,,,,DraftKings,194.0,2.94,,
Golden State Warriors @ Los Angeles Lakers,Jimmy Butler,Points,40,,,4000.0,,,,,,Bovada,4000.0,41.0,,
Golden State Warriors @ Los Angeles Lakers,Jimmy Butler,Rebounds,14,,,4500.0,,,,,,Bovada,4500.0,46.0,,
Golden State Warriors @ Los Angeles Lakers,Jimmy Butler,Steals,3,,,,,,,880.0,,FanDuel,880.0,9.8,,
Golden State Warriors @ Los Angeles Lakers,Jonathan Kuminga,Blocks,1,,,,,173.0,,,,DraftKings,173.0,2.73,,
Golden State Warriors @ Los Angeles Lakers,Jonathan Kuminga,Points,35,,,3500.0,,,,,,Bovada,3500.0,36.0,,
Golden State Warriors @ Los Angeles Lakers,Jonathan Kuminga,Rebounds,12,,,,,,,,3000.0,HardRockBet,3000.0,31.0,,
Golden State Warriors @ Los Angeles Lakers,Jonathan Kuminga,Steals,1,,,,,-119.0,,,,DraftKings,-119.0,1.8403361344537816,,
Golden State Warriors @ Los Angeles Lakers,Jonathan Kuminga,Threes,3,,,,,2800.0,,,,DraftKings,2800.0,29.0,,
Golden State Warriors @ Los Angeles Lakers,Luka Doncic,Rebounds,16,,,,,,,2500.0,,FanDuel,2500.0,26.0,,
Golden State Warriors @ Los Angeles Lakers,Luka Doncic,Steals,3,,,,,,,880.0,,FanDuel,880.0,9.8,,
Golden State Warriors @ Los Angeles Lakers,Marcus Smart,Assists,8,,,,,,,,2000.0,HardRockBet,2000.0,21.0,,
Golden State Warriors @ Los Angeles Lakers,Marcus Smart,Blocks,1,,,,,313.0,,,,DraftKings,313.0,4.13,,
Golden State Warriors @ Los Angeles Lakers,Marcus Smart,Rebounds,6,,,,,,,,2000.0,HardRockBet,2000.0,21.0,,
Golden State Warriors @ Los Angeles Lakers,Marcus Smart,Steals,2,,,,,,,630.0,,FanDuel,630.0,7.3,,
Golden State Warriors @ Los Angeles Lakers,Marcus Smart,Threes,5,,,4500.0,,,,,,Bovada,4500.0,46.0,,
Golden State Warriors @ Los Angeles Lakers,Rui Hachimura,Points,35,,,4500.0,,,,,,Bovada,4500.0,46.0,,
Golden State Warriors @ Los Angeles Lakers,Rui Hachimura,Rebounds,14,,,5000.0,,,,,,Bovada,5000.0,51.0,,
Golden State Warriors @ Los Angeles Lakers,Rui Hachimura,Threes,6,,,4000.0,,,,,,Bovada,4000.0,41.0,,
Golden State Warriors @ Los Angeles Lakers,Stephen Curry,Blocks,1,,,,,192.0,,,,DraftKings,192.0,2.92,,
Golden State Warriors @ Los Angeles Lakers,Stephen Curry,Steals,2,,,,,,,630.0,,FanDuel,630.0,7.3,,
Golden State Warriors @ Los Angeles Lakers,Stephen Curry,Threes,1,,,,,,,-3500.0,,FanDuel,-3500.0,1.0285714285714285,,
Houston Rockets @ Oklahoma City Thunder,Aaron Wiggins,Assists,6,,,,,,,,2000.0,HardRockBet,2000.0,21.0,,
Houston Rockets @ Oklahoma City Thunder,Aaron Wiggins,Points,35,,,4500.0,,,,,,Bovada,4500.0,46.0,,
Houston Rockets @ Oklahoma City Thunder,Aaron Wiggins,Threes,5,,,2800.0,,,,,,Bovada,2800.0,29.0,,
Houston Rockets @ Oklahoma City Thunder,Aaron Wiggins,Threes,6,,,4000.0,,,,,,Bovada,4000.0,41.0,,
Houston Rockets @ Oklahoma City Thunder,Alex Caruso,Assists,8,,,,,,,,2000.0,HardRockBet,2000.0,21.0,,
Houston Rockets @ Oklahoma City Thunder,Alex Caruso,Points,30,,,4500.0,,,,,,Bovada,4500.0,46.0,,
Houston Rockets @ Oklahoma City Thunder,Alex Caruso,Threes,5,,,3500.0,,,,,,Bovada,3500.0,36.0,,
Houston Rockets @ Oklahoma City Thunder,Alperen Sengun,Assists,14,,,4500.0,,,,,,Bovada,4500.0,46.0,,
Houston Rockets @ Oklahoma City Thunder,Alperen Sengun,Points,40,,,3000.0,,,,,,Bovada,3000.0,31.0,,
Houston Rockets @ Oklahoma City Thunder,Alperen Sengun,Points,45,,,4500.0,,,,,,Bovada,4500.0,46.0,,
Houston Rockets @ Oklahoma City Thunder,Alperen Sengun,Steals,2,,,,,,,580.0,,FanDuel,580.0,6.8,,
Houston Rockets @ Oklahoma City Thunder,Amen Thompson,Blocks,2,,,,,,,430.0,,FanDuel,430.0,5.3,,
Houston Rockets @ Oklahoma City Thunder,Amen Thompson,Points,35,,,3000.0,,,,,,Bovada,3000.0,31.0,,
Houston Rockets @ Oklahoma City Thunder,Amen Thompson,Points,40,,,4500.0,,,,,,Bovada,4500.0,46.0,,
Houston Rockets @ Oklahoma City Thunder,Cason Wallace,Assists,8,,,,,,,,2000.0,HardRockBet,2000.0,21.0,,
Houston Rockets @ Oklahoma City Thunder,Cason Wallace,Rebounds,8,,,,,,,,2000.0,HardRockBet,2000.0,21.0,,
Houston Rockets @ Oklahoma City Thunder,Cason Wallace,Threes,5,,,4500.0,,,,,,Bovada,4500.0,46.0,,
Houston Rockets @ Oklahoma City Thunder,Chet Holmgren,Assists,6,,,,,,2000.0,,,ESPNBET,2000.0,21.0,,
Houston Rockets @ Oklahoma City Thunder,Chet Holmgren,Blocks,3,,,,,,,520.0,,FanDuel,520.0,6.2,,
Houston Rockets @ Oklahoma City Thunder,Chet Holmgren,Points,40,,,4000.0,,,,,,Bovada,4000.0,41.0,,
Houston Rockets @ Oklahoma City Thunder,Chet Holmgren,Threes,5,,,3000.0,,,,,,Bovada,3000.0,31.0,,
Houston Rockets @ Oklahoma City Thunder,Chet Holmgren,Threes,6,,,4500.0,,,,,,Bovada,4500.0,46.0,,
Houston Rockets @ Oklahoma City Thunder,Isaiah Hartenstein,Assists,10,,,4000.0,,,,,,Bovada,4000.0,41.0,,
Houston Rockets @ Oklahoma City Thunder,Isaiah Hartenstein,Blocks,1,,215.0,,,,,,,BetRivers,215.0,3.15,,
Houston Rockets @ Oklahoma City Thunder,Isaiah Hartenstein,Points,30,,,4000.0,,,,,,Bovada,4000.0,41.0,,
Houston Rockets @ Oklahoma City Thunder,Isaiah Hartenstein,Steals,1,,265.0,,,,,,,BetRivers,265.0,3.65,,
Houston Rockets @ Oklahoma City Thunder,Isaiah Joe,Threes,1,,,-700.0,,,,,,Bovada,-700.0,1.1428571428571428,,
Houston Rockets @ Oklahoma City Thunder,Isaiah Joe,Threes,2,,,240.0,,,,,,Bovada,240.0,3.4,,
Houston Rockets @ Oklahoma City Thunder,Isaiah Joe,Threes,3,,,625.0,,,,,,Bovada,625.0,7.25,,
Houston Rockets @ Oklahoma City Thunder,Isaiah Joe,Threes,4,,,1400.0,,,,,,Bovada,1400.0,15.0,,
Houston Rockets @ Oklahoma City Thunder,Isaiah Joe,Threes,5,,,3000.0,,,,,,Bovada,3000.0,31.0,,
Houston Rockets @ Oklahoma City Thunder,Isaiah Joe,Threes,6,,,4500.0,,,,,,Bovada,4500.0,46.0,,
Houston Rockets @ Oklahoma City Thunder,Jabari Smith Jr,Blocks,1,,120.0,,,,,,,BetRivers,120.0,2.2,,
Houston Rockets @ Oklahoma City Thunder,Jabari Smith Jr,Points,35,,,4500.0,,,,,,Bovada,4500.0,46.0,,
Houston Rockets @ Oklahoma City Thunder,Jabari Smith Jr,Rebounds,14,,,3500.0,,,,,,Bovada,3500.0,36.0,,
Houston Rockets @ Oklahoma City Thunder,Jabari Smith Jr,Steals,1,,125.0,,,,,,,BetRivers,125.0,2.25,,
Houston Rockets @ Oklahoma City Thunder,Jabari Smith Jr,Threes,7,,,5000.0,,,,,,Bovada,5000.0,51.0,,
Houston Rockets @ Oklahoma City Thunder,Jalen Williams,Assists,10,,,1900.0,,,,,,Bovada,1900.0,20.0,,
Houston Rockets @ Oklahoma City Thunder,Jalen Williams,Assists,12,,,5000.0,,,,,,Bovada,5000.0,51.0,,
Houston Rockets @ Oklahoma City Thunder,Jalen Williams,Assists,4,,,-110.0,,,,,,Bovada,-110.0,1.9090909090909092,,
Houston Rockets @ Oklahoma City Thunder,Jalen Williams,Assists,6,,,340.0,,,,,,Bovada,340.0,4.4,,
Houston Rockets @ Oklahoma City Thunder,Jalen Williams,Points,15,,,-700.0,,,,,,Bovada,-700.0,1.1428571428571428,,
Houston Rockets @ Oklahoma City Thunder,Jalen Williams,Points,20,,,-160.0,,,,,,Bovada,-160.0,1.625,,
Houston Rockets @ Oklahoma City Thunder,Jalen Williams,Points,25,,,180.0,,,,,,Bovada,180.0,2.8,,
Houston Rockets @ Oklahoma City Thunder,Jalen Williams,Points,30,,,450.0,,,,,,Bovada,450.0,5.5,,
Houston Rockets @ Oklahoma City Thunder,Jalen Williams,Points,35,,,1000.0,,,,,,Bovada,1000.0,11.0,,
Houston Rockets @ Oklahoma City Thunder,Jalen Williams,Points,40,,,2200.0,,,,,,Bovada,2200.0,23.0,,
Houston Rockets @ Oklahoma City Thunder,Jalen Williams,Points,45,,,3500.0,,,,,,Bovada,3500.0,36.0,,
Houston Rockets @ Oklahoma City Thunder,Jalen Williams,Threes,1,,,-700.0,,,,,,Bovada,-700.0,1.1428571428571428,,
Houston Rockets @ Oklahoma City Thunder,Jalen Williams,Threes,2,,,240.0,,,,,,Bovada,240.0,3.4,,
Houston Rockets @ Oklahoma City Thunder,Jalen Williams,Threes,3,,,625.0,,,,,,Bovada,625.0,7.25,,
Houston Rockets @ Oklahoma City Thunder,Jalen Williams,Threes,4,,,1400.0,,,,,,Bovada,1400.0,15.0,,
Houston Rockets @ Oklahoma City Thunder,Jalen Williams,Threes,5,,,3000.0,,,,,,Bovada,3000.0,31.0,,
Houston Rockets @ Oklahoma City Thunder,Jalen Williams,Threes,6,,,4500.0,,,,,,Bovada,4500.0,46.0,,
Houston Rockets @ Oklahoma City Thunder,Kevin Durant,Assists,10,,,3000.0,,,,,,Bovada,3000.0,31.0,,
Houston Rockets @ Oklahoma City Thunder,Kevin Durant,Blocks,2,,,,,,,630.0,,FanDuel,630.0,7.3,,
Houston Rockets @ Oklahoma City Thunder,Kevin Durant,Points,50,,,3500.0,,,,,,Bovada,3500.0,36.0,,
Houston Rockets @ Oklahoma City Thunder,Kevin Durant,Rebounds,14,,,4500.0,,,,,,Bovada,4500.0,46.0,,
Houston Rockets @ Oklahoma City Thunder,Kevin Durant,Steals,1,,117.0,,,,,,,BetRivers,117.0,2.17,,
Houston Rockets @ Oklahoma City Thunder,Kevin Durant,Threes,7,,,3500.0,,,,,,Bovada,3500.0,36.0,,
Houston Rockets @ Oklahoma City Thunder,Luguentz Dort,Blocks,1,,200.0,,,,,,,BetRivers,200.0,3.0,,
Houston Rockets @ Oklahoma City Thunder,Luguentz Dort,Points,30,,,4500.0,,,,,,Bovada,4500.0,46.0,,
Houston Rockets @ Oklahoma City Thunder,Luguentz Dort,Steals,2,,,,,,,490.0,,FanDuel,490.0,5.9,,
Houston Rockets @ Oklahoma City Thunder,Luguentz Dort,Threes,7,,,4500.0,,,,,,Bovada,4500.0,46.0,,
Houston Rockets @ Oklahoma City Thunder,Reed Sheppard,Points,30,,,5000.0,,,,,,Bovada,5000.0,51.0,,
Houston Rockets @ Oklahoma City Thunder,Reed Sheppard,Rebounds,8,,,,,,,,2000.0,HardRockBet,2000.0,21.0,,
Houston Rockets @ Oklahoma City Thunder,Reed Sheppard,Steals,1,,-220.0,,,,,,,BetRivers,-220.0,1.4545454545454546,,
Houston Rockets @ Oklahoma City Thunder,Shai Gilgeous-Alexander,Blocks,2,,,,,,,750.0,,FanDuel,750.0,8.5,,
Houston Rockets @ Oklahoma City Thunder,Shai Gilgeous-Alexander,Steals,3,,,,,,,680.0,,FanDuel,680.0,7.8,,
Houston Rockets @ Oklahoma City Thunder,Shai Gilgeous-Alexander,Threes,5,,,2200.0,,,,,,Bovada,2200.0,23.0,,
Houston Rockets @ Oklahoma City Thunder,Shai Gilgeous-Alexander,Threes,6,,,3500.0,,,,,,Bovada,3500.0,36.0,,
Houston Rockets @ Oklahoma City Thunder,Steven Adams,Assists,6,,,,,2500.0,,,,DraftKings,2500.0,26.0,,
Houston Rockets @ Oklahoma City Thunder,Steven Adams,Blocks,1,,,,,,,-146.0,,FanDuel,-146.0,1.6849315068493151,,
Houston Rockets @ Oklahoma City Thunder,Tari Eason,Assists,6,,,,,,,,2000.0,HardRockBet,2000.0,21.0,,
Houston Rockets @ Oklahoma City Thunder,Tari Eason,Points,30,,,3500.0,,,,,,Bovada,3500.0,36.0,,
Houston Rockets @ Oklahoma City Thunder,Tari Eason,Rebounds,12,,,,,,,,3000.0,HardRockBet,3000.0,31.0,,
Houston Rockets @ Oklahoma City Thunder,Tari Eason,Threes,5,,,4500.0,,,,,,Bovada,4500.0,46.0,,
